2025-10-25 07:38:15: python-dotenv could not parse statement starting at line 7
2025-10-25 07:38:15: python-dotenv could not parse statement starting at line 9
2025-10-25 07:38:16: INFO:__main__:Starting support bot...
2025-10-25 07:38:16: /var/www/empiregames/app/bot/support.py:1078: PTBUserWarning: If 'per_message=False', 'CallbackQueryHandler' will not be tracked for every message. Read this FAQ entry to learn more about the per_* settings: https://github.com/python-telegram-bot/python-telegram-bot/wiki/Frequently-Asked-Questions#what-do-the-per_-settings-in-conversationhandler-do.
2025-10-25 07:38:16:   search_conversation = ConversationHandler(
2025-10-25 07:38:17: INFO:httpx:HTTP Request: POST https://api.telegram.org/bot8320136714:AAHvPGC8EvP7qiJGiak5EKnt0-qrzmmb4IA/getMe "HTTP/1.1 401 Unauthorized"
2025-10-25 07:38:17: ERROR:telegram.ext:Network Retry Loop (Bootstrap Initialize Application): Invalid token. Aborting retry loop.
2025-10-25 07:38:17: Traceback (most recent call last):
2025-10-25 07:38:17:   File "/var/www/empiregames/app/venv/lib/python3.10/site-packages/telegram/_bot.py", line 844, in initialize
2025-10-25 07:38:17:     await self.get_me()
2025-10-25 07:38:17:   File "/var/www/empiregames/app/venv/lib/python3.10/site-packages/telegram/ext/_extbot.py", line 1980, in get_me
2025-10-25 07:38:17:     return await super().get_me(
2025-10-25 07:38:17:   File "/var/www/empiregames/app/venv/lib/python3.10/site-packages/telegram/_bot.py", line 975, in get_me
2025-10-25 07:38:17:     result = await self._post(
2025-10-25 07:38:17:   File "/var/www/empiregames/app/venv/lib/python3.10/site-packages/telegram/_bot.py", line 697, in _post
2025-10-25 07:38:17:     return await self._do_post(
2025-10-25 07:38:17:   File "/var/www/empiregames/app/venv/lib/python3.10/site-packages/telegram/ext/_extbot.py", line 369, in _do_post
2025-10-25 07:38:17:     return await super()._do_post(
2025-10-25 07:38:17:   File "/var/www/empiregames/app/venv/lib/python3.10/site-packages/telegram/_bot.py", line 726, in _do_post
2025-10-25 07:38:17:     result = await request.post(
2025-10-25 07:38:17:   File "/var/www/empiregames/app/venv/lib/python3.10/site-packages/telegram/request/_baserequest.py", line 197, in post
2025-10-25 07:38:17:     result = await self._request_wrapper(
2025-10-25 07:38:17:   File "/var/www/empiregames/app/venv/lib/python3.10/site-packages/telegram/request/_baserequest.py", line 374, in _request_wrapper
2025-10-25 07:38:17:     raise exception
2025-10-25 07:38:17: telegram.error.InvalidToken: Unauthorized
2025-10-25 07:38:17: 
2025-10-25 07:38:17: The above exception was the direct cause of the following exception:
2025-10-25 07:38:17: 
2025-10-25 07:38:17: Traceback (most recent call last):
2025-10-25 07:38:17:   File "/var/www/empiregames/app/venv/lib/python3.10/site-packages/telegram/ext/_utils/networkloop.py", line 115, in network_retry_loop
2025-10-25 07:38:17:     if not await do_action():
2025-10-25 07:38:17:   File "/var/www/empiregames/app/venv/lib/python3.10/site-packages/telegram/ext/_utils/networkloop.py", line 93, in do_action
2025-10-25 07:38:17:     return await action_cb()
2025-10-25 07:38:17:   File "/var/www/empiregames/app/venv/lib/python3.10/site-packages/telegram/ext/_application.py", line 487, in initialize
2025-10-25 07:38:17:     await self.bot.initialize()
2025-10-25 07:38:17:   File "/var/www/empiregames/app/venv/lib/python3.10/site-packages/telegram/ext/_extbot.py", line 315, in initialize
2025-10-25 07:38:17:     await super().initialize()
2025-10-25 07:38:17:   File "/var/www/empiregames/app/venv/lib/python3.10/site-packages/telegram/_bot.py", line 846, in initialize
2025-10-25 07:38:17:     raise InvalidToken(f"The token `{self._token}` was rejected by the server.") from exc
2025-10-25 07:38:17: telegram.error.InvalidToken: The token `8320136714:AAHvPGC8EvP7qiJGiak5EKnt0-qrzmmb4IA` was rejected by the server.
2025-10-25 07:38:17: ERROR:__main__:Error starting support bot: The token `8320136714:AAHvPGC8EvP7qiJGiak5EKnt0-qrzmmb4IA` was rejected by the server.
2025-10-25 07:38:23: python-dotenv could not parse statement starting at line 7
2025-10-25 07:38:23: python-dotenv could not parse statement starting at line 9
2025-10-25 07:38:24: INFO:__main__:Starting support bot...
2025-10-25 07:38:24: /var/www/empiregames/app/bot/support.py:1078: PTBUserWarning: If 'per_message=False', 'CallbackQueryHandler' will not be tracked for every message. Read this FAQ entry to learn more about the per_* settings: https://github.com/python-telegram-bot/python-telegram-bot/wiki/Frequently-Asked-Questions#what-do-the-per_-settings-in-conversationhandler-do.
2025-10-25 07:38:24:   search_conversation = ConversationHandler(
2025-10-25 07:38:24: INFO:httpx:HTTP Request: POST https://api.telegram.org/bot8320136714:AAHvPGC8EvP7qiJGiak5EKnt0-qrzmmb4IA/getMe "HTTP/1.1 401 Unauthorized"
2025-10-25 07:38:24: ERROR:telegram.ext:Network Retry Loop (Bootstrap Initialize Application): Invalid token. Aborting retry loop.
2025-10-25 07:38:24: Traceback (most recent call last):
2025-10-25 07:38:24:   File "/var/www/empiregames/app/venv/lib/python3.10/site-packages/telegram/_bot.py", line 844, in initialize
2025-10-25 07:38:24:     await self.get_me()
2025-10-25 07:38:24:   File "/var/www/empiregames/app/venv/lib/python3.10/site-packages/telegram/ext/_extbot.py", line 1980, in get_me
2025-10-25 07:38:24:     return await super().get_me(
2025-10-25 07:38:24:   File "/var/www/empiregames/app/venv/lib/python3.10/site-packages/telegram/_bot.py", line 975, in get_me
2025-10-25 07:38:24:     result = await self._post(
2025-10-25 07:38:24:   File "/var/www/empiregames/app/venv/lib/python3.10/site-packages/telegram/_bot.py", line 697, in _post
2025-10-25 07:38:24:     return await self._do_post(
2025-10-25 07:38:24:   File "/var/www/empiregames/app/venv/lib/python3.10/site-packages/telegram/ext/_extbot.py", line 369, in _do_post
2025-10-25 07:38:24:     return await super()._do_post(
2025-10-25 07:38:24:   File "/var/www/empiregames/app/venv/lib/python3.10/site-packages/telegram/_bot.py", line 726, in _do_post
2025-10-25 07:38:24:     result = await request.post(
2025-10-25 07:38:24:   File "/var/www/empiregames/app/venv/lib/python3.10/site-packages/telegram/request/_baserequest.py", line 197, in post
2025-10-25 07:38:24:     result = await self._request_wrapper(
2025-10-25 07:38:24:   File "/var/www/empiregames/app/venv/lib/python3.10/site-packages/telegram/request/_baserequest.py", line 374, in _request_wrapper
2025-10-25 07:38:24:     raise exception
2025-10-25 07:38:24: telegram.error.InvalidToken: Unauthorized
2025-10-25 07:38:24: 
2025-10-25 07:38:24: The above exception was the direct cause of the following exception:
2025-10-25 07:38:24: 
2025-10-25 07:38:24: Traceback (most recent call last):
2025-10-25 07:38:24:   File "/var/www/empiregames/app/venv/lib/python3.10/site-packages/telegram/ext/_utils/networkloop.py", line 115, in network_retry_loop
2025-10-25 07:38:24:     if not await do_action():
2025-10-25 07:38:24:   File "/var/www/empiregames/app/venv/lib/python3.10/site-packages/telegram/ext/_utils/networkloop.py", line 93, in do_action
2025-10-25 07:38:24:     return await action_cb()
2025-10-25 07:38:24:   File "/var/www/empiregames/app/venv/lib/python3.10/site-packages/telegram/ext/_application.py", line 487, in initialize
2025-10-25 07:38:24:     await self.bot.initialize()
2025-10-25 07:38:24:   File "/var/www/empiregames/app/venv/lib/python3.10/site-packages/telegram/ext/_extbot.py", line 315, in initialize
2025-10-25 07:38:24:     await super().initialize()
2025-10-25 07:38:24:   File "/var/www/empiregames/app/venv/lib/python3.10/site-packages/telegram/_bot.py", line 846, in initialize
2025-10-25 07:38:24:     raise InvalidToken(f"The token `{self._token}` was rejected by the server.") from exc
2025-10-25 07:38:24: telegram.error.InvalidToken: The token `8320136714:AAHvPGC8EvP7qiJGiak5EKnt0-qrzmmb4IA` was rejected by the server.
2025-10-25 07:38:24: ERROR:__main__:Error starting support bot: The token `8320136714:AAHvPGC8EvP7qiJGiak5EKnt0-qrzmmb4IA` was rejected by the server.
2025-10-25 07:38:30: python-dotenv could not parse statement starting at line 7
2025-10-25 07:38:30: python-dotenv could not parse statement starting at line 9
2025-10-25 07:38:30: INFO:__main__:Starting support bot...
2025-10-25 07:38:30: /var/www/empiregames/app/bot/support.py:1078: PTBUserWarning: If 'per_message=False', 'CallbackQueryHandler' will not be tracked for every message. Read this FAQ entry to learn more about the per_* settings: https://github.com/python-telegram-bot/python-telegram-bot/wiki/Frequently-Asked-Questions#what-do-the-per_-settings-in-conversationhandler-do.
2025-10-25 07:38:30:   search_conversation = ConversationHandler(
2025-10-25 07:38:30: INFO:httpx:HTTP Request: POST https://api.telegram.org/bot8320136714:AAHvPGC8EvP7qiJGiak5EKnt0-qrzmmb4IA/getMe "HTTP/1.1 401 Unauthorized"
2025-10-25 07:38:30: ERROR:telegram.ext:Network Retry Loop (Bootstrap Initialize Application): Invalid token. Aborting retry loop.
2025-10-25 07:38:30: Traceback (most recent call last):
2025-10-25 07:38:30:   File "/var/www/empiregames/app/venv/lib/python3.10/site-packages/telegram/_bot.py", line 844, in initialize
2025-10-25 07:38:30:     await self.get_me()
2025-10-25 07:38:30:   File "/var/www/empiregames/app/venv/lib/python3.10/site-packages/telegram/ext/_extbot.py", line 1980, in get_me
2025-10-25 07:38:30:     return await super().get_me(
2025-10-25 07:38:30:   File "/var/www/empiregames/app/venv/lib/python3.10/site-packages/telegram/_bot.py", line 975, in get_me
2025-10-25 07:38:30:     result = await self._post(
2025-10-25 07:38:30:   File "/var/www/empiregames/app/venv/lib/python3.10/site-packages/telegram/_bot.py", line 697, in _post
2025-10-25 07:38:30:     return await self._do_post(
2025-10-25 07:38:30:   File "/var/www/empiregames/app/venv/lib/python3.10/site-packages/telegram/ext/_extbot.py", line 369, in _do_post
2025-10-25 07:38:30:     return await super()._do_post(
2025-10-25 07:38:30:   File "/var/www/empiregames/app/venv/lib/python3.10/site-packages/telegram/_bot.py", line 726, in _do_post
2025-10-25 07:38:30:     result = await request.post(
2025-10-25 07:38:30:   File "/var/www/empiregames/app/venv/lib/python3.10/site-packages/telegram/request/_baserequest.py", line 197, in post
2025-10-25 07:38:30:     result = await self._request_wrapper(
2025-10-25 07:38:30:   File "/var/www/empiregames/app/venv/lib/python3.10/site-packages/telegram/request/_baserequest.py", line 374, in _request_wrapper
2025-10-25 07:38:30:     raise exception
2025-10-25 07:38:30: telegram.error.InvalidToken: Unauthorized
2025-10-25 07:38:30: 
2025-10-25 07:38:30: The above exception was the direct cause of the following exception:
2025-10-25 07:38:30: 
2025-10-25 07:38:30: Traceback (most recent call last):
2025-10-25 07:38:30:   File "/var/www/empiregames/app/venv/lib/python3.10/site-packages/telegram/ext/_utils/networkloop.py", line 115, in network_retry_loop
2025-10-25 07:38:30:     if not await do_action():
2025-10-25 07:38:30:   File "/var/www/empiregames/app/venv/lib/python3.10/site-packages/telegram/ext/_utils/networkloop.py", line 93, in do_action
2025-10-25 07:38:30:     return await action_cb()
2025-10-25 07:38:30:   File "/var/www/empiregames/app/venv/lib/python3.10/site-packages/telegram/ext/_application.py", line 487, in initialize
2025-10-25 07:38:30:     await self.bot.initialize()
2025-10-25 07:38:30:   File "/var/www/empiregames/app/venv/lib/python3.10/site-packages/telegram/ext/_extbot.py", line 315, in initialize
2025-10-25 07:38:30:     await super().initialize()
2025-10-25 07:38:30:   File "/var/www/empiregames/app/venv/lib/python3.10/site-packages/telegram/_bot.py", line 846, in initialize
2025-10-25 07:38:30:     raise InvalidToken(f"The token `{self._token}` was rejected by the server.") from exc
2025-10-25 07:38:30: telegram.error.InvalidToken: The token `8320136714:AAHvPGC8EvP7qiJGiak5EKnt0-qrzmmb4IA` was rejected by the server.
2025-10-25 07:38:30: ERROR:__main__:Error starting support bot: The token `8320136714:AAHvPGC8EvP7qiJGiak5EKnt0-qrzmmb4IA` was rejected by the server.
2025-10-25 07:38:36: python-dotenv could not parse statement starting at line 7
2025-10-25 07:38:36: python-dotenv could not parse statement starting at line 9
2025-10-25 07:38:36: INFO:__main__:Starting support bot...
2025-10-25 07:38:37: /var/www/empiregames/app/bot/support.py:1078: PTBUserWarning: If 'per_message=False', 'CallbackQueryHandler' will not be tracked for every message. Read this FAQ entry to learn more about the per_* settings: https://github.com/python-telegram-bot/python-telegram-bot/wiki/Frequently-Asked-Questions#what-do-the-per_-settings-in-conversationhandler-do.
2025-10-25 07:38:37:   search_conversation = ConversationHandler(
2025-10-25 07:38:37: INFO:httpx:HTTP Request: POST https://api.telegram.org/bot8320136714:AAHvPGC8EvP7qiJGiak5EKnt0-qrzmmb4IA/getMe "HTTP/1.1 401 Unauthorized"
2025-10-25 07:38:37: ERROR:telegram.ext:Network Retry Loop (Bootstrap Initialize Application): Invalid token. Aborting retry loop.
2025-10-25 07:38:37: Traceback (most recent call last):
2025-10-25 07:38:37:   File "/var/www/empiregames/app/venv/lib/python3.10/site-packages/telegram/_bot.py", line 844, in initialize
2025-10-25 07:38:37:     await self.get_me()
2025-10-25 07:38:37:   File "/var/www/empiregames/app/venv/lib/python3.10/site-packages/telegram/ext/_extbot.py", line 1980, in get_me
2025-10-25 07:38:37:     return await super().get_me(
2025-10-25 07:38:37:   File "/var/www/empiregames/app/venv/lib/python3.10/site-packages/telegram/_bot.py", line 975, in get_me
2025-10-25 07:38:37:     result = await self._post(
2025-10-25 07:38:37:   File "/var/www/empiregames/app/venv/lib/python3.10/site-packages/telegram/_bot.py", line 697, in _post
2025-10-25 07:38:37:     return await self._do_post(
2025-10-25 07:38:37:   File "/var/www/empiregames/app/venv/lib/python3.10/site-packages/telegram/ext/_extbot.py", line 369, in _do_post
2025-10-25 07:38:37:     return await super()._do_post(
2025-10-25 07:38:37:   File "/var/www/empiregames/app/venv/lib/python3.10/site-packages/telegram/_bot.py", line 726, in _do_post
2025-10-25 07:38:37:     result = await request.post(
2025-10-25 07:38:37:   File "/var/www/empiregames/app/venv/lib/python3.10/site-packages/telegram/request/_baserequest.py", line 197, in post
2025-10-25 07:38:37:     result = await self._request_wrapper(
2025-10-25 07:38:37:   File "/var/www/empiregames/app/venv/lib/python3.10/site-packages/telegram/request/_baserequest.py", line 374, in _request_wrapper
2025-10-25 07:38:37:     raise exception
2025-10-25 07:38:37: telegram.error.InvalidToken: Unauthorized
2025-10-25 07:38:37: 
2025-10-25 07:38:37: The above exception was the direct cause of the following exception:
2025-10-25 07:38:37: 
2025-10-25 07:38:37: Traceback (most recent call last):
2025-10-25 07:38:37:   File "/var/www/empiregames/app/venv/lib/python3.10/site-packages/telegram/ext/_utils/networkloop.py", line 115, in network_retry_loop
2025-10-25 07:38:37:     if not await do_action():
2025-10-25 07:38:37:   File "/var/www/empiregames/app/venv/lib/python3.10/site-packages/telegram/ext/_utils/networkloop.py", line 93, in do_action
2025-10-25 07:38:37:     return await action_cb()
2025-10-25 07:38:37:   File "/var/www/empiregames/app/venv/lib/python3.10/site-packages/telegram/ext/_application.py", line 487, in initialize
2025-10-25 07:38:37:     await self.bot.initialize()
2025-10-25 07:38:37:   File "/var/www/empiregames/app/venv/lib/python3.10/site-packages/telegram/ext/_extbot.py", line 315, in initialize
2025-10-25 07:38:37:     await super().initialize()
2025-10-25 07:38:37:   File "/var/www/empiregames/app/venv/lib/python3.10/site-packages/telegram/_bot.py", line 846, in initialize
2025-10-25 07:38:37:     raise InvalidToken(f"The token `{self._token}` was rejected by the server.") from exc
2025-10-25 07:38:37: telegram.error.InvalidToken: The token `8320136714:AAHvPGC8EvP7qiJGiak5EKnt0-qrzmmb4IA` was rejected by the server.
2025-10-25 07:38:37: ERROR:__main__:Error starting support bot: The token `8320136714:AAHvPGC8EvP7qiJGiak5EKnt0-qrzmmb4IA` was rejected by the server.
2025-10-25 07:38:43: python-dotenv could not parse statement starting at line 7
2025-10-25 07:38:43: python-dotenv could not parse statement starting at line 9
2025-10-25 07:38:43: INFO:__main__:Starting support bot...
2025-10-25 07:38:43: /var/www/empiregames/app/bot/support.py:1078: PTBUserWarning: If 'per_message=False', 'CallbackQueryHandler' will not be tracked for every message. Read this FAQ entry to learn more about the per_* settings: https://github.com/python-telegram-bot/python-telegram-bot/wiki/Frequently-Asked-Questions#what-do-the-per_-settings-in-conversationhandler-do.
2025-10-25 07:38:43:   search_conversation = ConversationHandler(
2025-10-25 07:38:43: INFO:httpx:HTTP Request: POST https://api.telegram.org/bot8320136714:AAHvPGC8EvP7qiJGiak5EKnt0-qrzmmb4IA/getMe "HTTP/1.1 401 Unauthorized"
2025-10-25 07:38:43: ERROR:telegram.ext:Network Retry Loop (Bootstrap Initialize Application): Invalid token. Aborting retry loop.
2025-10-25 07:38:43: Traceback (most recent call last):
2025-10-25 07:38:43:   File "/var/www/empiregames/app/venv/lib/python3.10/site-packages/telegram/_bot.py", line 844, in initialize
2025-10-25 07:38:43:     await self.get_me()
2025-10-25 07:38:43:   File "/var/www/empiregames/app/venv/lib/python3.10/site-packages/telegram/ext/_extbot.py", line 1980, in get_me
2025-10-25 07:38:43:     return await super().get_me(
2025-10-25 07:38:43:   File "/var/www/empiregames/app/venv/lib/python3.10/site-packages/telegram/_bot.py", line 975, in get_me
2025-10-25 07:38:43:     result = await self._post(
2025-10-25 07:38:43:   File "/var/www/empiregames/app/venv/lib/python3.10/site-packages/telegram/_bot.py", line 697, in _post
2025-10-25 07:38:43:     return await self._do_post(
2025-10-25 07:38:43:   File "/var/www/empiregames/app/venv/lib/python3.10/site-packages/telegram/ext/_extbot.py", line 369, in _do_post
2025-10-25 07:38:43:     return await super()._do_post(
2025-10-25 07:38:43:   File "/var/www/empiregames/app/venv/lib/python3.10/site-packages/telegram/_bot.py", line 726, in _do_post
2025-10-25 07:38:43:     result = await request.post(
2025-10-25 07:38:43:   File "/var/www/empiregames/app/venv/lib/python3.10/site-packages/telegram/request/_baserequest.py", line 197, in post
2025-10-25 07:38:43:     result = await self._request_wrapper(
2025-10-25 07:38:43:   File "/var/www/empiregames/app/venv/lib/python3.10/site-packages/telegram/request/_baserequest.py", line 374, in _request_wrapper
2025-10-25 07:38:43:     raise exception
2025-10-25 07:38:43: telegram.error.InvalidToken: Unauthorized
2025-10-25 07:38:43: 
2025-10-25 07:38:43: The above exception was the direct cause of the following exception:
2025-10-25 07:38:43: 
2025-10-25 07:38:43: Traceback (most recent call last):
2025-10-25 07:38:43:   File "/var/www/empiregames/app/venv/lib/python3.10/site-packages/telegram/ext/_utils/networkloop.py", line 115, in network_retry_loop
2025-10-25 07:38:43:     if not await do_action():
2025-10-25 07:38:43:   File "/var/www/empiregames/app/venv/lib/python3.10/site-packages/telegram/ext/_utils/networkloop.py", line 93, in do_action
2025-10-25 07:38:43:     return await action_cb()
2025-10-25 07:38:43:   File "/var/www/empiregames/app/venv/lib/python3.10/site-packages/telegram/ext/_application.py", line 487, in initialize
2025-10-25 07:38:43:     await self.bot.initialize()
2025-10-25 07:38:43:   File "/var/www/empiregames/app/venv/lib/python3.10/site-packages/telegram/ext/_extbot.py", line 315, in initialize
2025-10-25 07:38:43:     await super().initialize()
2025-10-25 07:38:43:   File "/var/www/empiregames/app/venv/lib/python3.10/site-packages/telegram/_bot.py", line 846, in initialize
2025-10-25 07:38:43:     raise InvalidToken(f"The token `{self._token}` was rejected by the server.") from exc
2025-10-25 07:38:43: telegram.error.InvalidToken: The token `8320136714:AAHvPGC8EvP7qiJGiak5EKnt0-qrzmmb4IA` was rejected by the server.
2025-10-25 07:38:43: ERROR:__main__:Error starting support bot: The token `8320136714:AAHvPGC8EvP7qiJGiak5EKnt0-qrzmmb4IA` was rejected by the server.
2025-10-25 07:38:49: python-dotenv could not parse statement starting at line 7
2025-10-25 07:38:49: python-dotenv could not parse statement starting at line 9
2025-10-25 07:38:49: INFO:__main__:Starting support bot...
2025-10-25 07:38:49: /var/www/empiregames/app/bot/support.py:1078: PTBUserWarning: If 'per_message=False', 'CallbackQueryHandler' will not be tracked for every message. Read this FAQ entry to learn more about the per_* settings: https://github.com/python-telegram-bot/python-telegram-bot/wiki/Frequently-Asked-Questions#what-do-the-per_-settings-in-conversationhandler-do.
2025-10-25 07:38:49:   search_conversation = ConversationHandler(
2025-10-25 07:38:50: INFO:httpx:HTTP Request: POST https://api.telegram.org/bot8320136714:AAHvPGC8EvP7qiJGiak5EKnt0-qrzmmb4IA/getMe "HTTP/1.1 401 Unauthorized"
2025-10-25 07:38:50: ERROR:telegram.ext:Network Retry Loop (Bootstrap Initialize Application): Invalid token. Aborting retry loop.
2025-10-25 07:38:50: Traceback (most recent call last):
2025-10-25 07:38:50:   File "/var/www/empiregames/app/venv/lib/python3.10/site-packages/telegram/_bot.py", line 844, in initialize
2025-10-25 07:38:50:     await self.get_me()
2025-10-25 07:38:50:   File "/var/www/empiregames/app/venv/lib/python3.10/site-packages/telegram/ext/_extbot.py", line 1980, in get_me
2025-10-25 07:38:50:     return await super().get_me(
2025-10-25 07:38:50:   File "/var/www/empiregames/app/venv/lib/python3.10/site-packages/telegram/_bot.py", line 975, in get_me
2025-10-25 07:38:50:     result = await self._post(
2025-10-25 07:38:50:   File "/var/www/empiregames/app/venv/lib/python3.10/site-packages/telegram/_bot.py", line 697, in _post
2025-10-25 07:38:50:     return await self._do_post(
2025-10-25 07:38:50:   File "/var/www/empiregames/app/venv/lib/python3.10/site-packages/telegram/ext/_extbot.py", line 369, in _do_post
2025-10-25 07:38:50:     return await super()._do_post(
2025-10-25 07:38:50:   File "/var/www/empiregames/app/venv/lib/python3.10/site-packages/telegram/_bot.py", line 726, in _do_post
2025-10-25 07:38:50:     result = await request.post(
2025-10-25 07:38:50:   File "/var/www/empiregames/app/venv/lib/python3.10/site-packages/telegram/request/_baserequest.py", line 197, in post
2025-10-25 07:38:50:     result = await self._request_wrapper(
2025-10-25 07:38:50:   File "/var/www/empiregames/app/venv/lib/python3.10/site-packages/telegram/request/_baserequest.py", line 374, in _request_wrapper
2025-10-25 07:38:50:     raise exception
2025-10-25 07:38:50: telegram.error.InvalidToken: Unauthorized
2025-10-25 07:38:50: 
2025-10-25 07:38:50: The above exception was the direct cause of the following exception:
2025-10-25 07:38:50: 
2025-10-25 07:38:50: Traceback (most recent call last):
2025-10-25 07:38:50:   File "/var/www/empiregames/app/venv/lib/python3.10/site-packages/telegram/ext/_utils/networkloop.py", line 115, in network_retry_loop
2025-10-25 07:38:50:     if not await do_action():
2025-10-25 07:38:50:   File "/var/www/empiregames/app/venv/lib/python3.10/site-packages/telegram/ext/_utils/networkloop.py", line 93, in do_action
2025-10-25 07:38:50:     return await action_cb()
2025-10-25 07:38:50:   File "/var/www/empiregames/app/venv/lib/python3.10/site-packages/telegram/ext/_application.py", line 487, in initialize
2025-10-25 07:38:50:     await self.bot.initialize()
2025-10-25 07:38:50:   File "/var/www/empiregames/app/venv/lib/python3.10/site-packages/telegram/ext/_extbot.py", line 315, in initialize
2025-10-25 07:38:50:     await super().initialize()
2025-10-25 07:38:50:   File "/var/www/empiregames/app/venv/lib/python3.10/site-packages/telegram/_bot.py", line 846, in initialize
2025-10-25 07:38:50:     raise InvalidToken(f"The token `{self._token}` was rejected by the server.") from exc
2025-10-25 07:38:50: telegram.error.InvalidToken: The token `8320136714:AAHvPGC8EvP7qiJGiak5EKnt0-qrzmmb4IA` was rejected by the server.
2025-10-25 07:38:50: ERROR:__main__:Error starting support bot: The token `8320136714:AAHvPGC8EvP7qiJGiak5EKnt0-qrzmmb4IA` was rejected by the server.
2025-10-25 07:38:55: python-dotenv could not parse statement starting at line 7
2025-10-25 07:38:55: python-dotenv could not parse statement starting at line 9
2025-10-25 07:38:56: INFO:__main__:Starting support bot...
2025-10-25 07:38:56: /var/www/empiregames/app/bot/support.py:1078: PTBUserWarning: If 'per_message=False', 'CallbackQueryHandler' will not be tracked for every message. Read this FAQ entry to learn more about the per_* settings: https://github.com/python-telegram-bot/python-telegram-bot/wiki/Frequently-Asked-Questions#what-do-the-per_-settings-in-conversationhandler-do.
2025-10-25 07:38:56:   search_conversation = ConversationHandler(
2025-10-25 07:38:56: INFO:httpx:HTTP Request: POST https://api.telegram.org/bot8320136714:AAHvPGC8EvP7qiJGiak5EKnt0-qrzmmb4IA/getMe "HTTP/1.1 401 Unauthorized"
2025-10-25 07:38:56: ERROR:telegram.ext:Network Retry Loop (Bootstrap Initialize Application): Invalid token. Aborting retry loop.
2025-10-25 07:38:56: Traceback (most recent call last):
2025-10-25 07:38:56:   File "/var/www/empiregames/app/venv/lib/python3.10/site-packages/telegram/_bot.py", line 844, in initialize
2025-10-25 07:38:56:     await self.get_me()
2025-10-25 07:38:56:   File "/var/www/empiregames/app/venv/lib/python3.10/site-packages/telegram/ext/_extbot.py", line 1980, in get_me
2025-10-25 07:38:56:     return await super().get_me(
2025-10-25 07:38:56:   File "/var/www/empiregames/app/venv/lib/python3.10/site-packages/telegram/_bot.py", line 975, in get_me
2025-10-25 07:38:56:     result = await self._post(
2025-10-25 07:38:56:   File "/var/www/empiregames/app/venv/lib/python3.10/site-packages/telegram/_bot.py", line 697, in _post
2025-10-25 07:38:56:     return await self._do_post(
2025-10-25 07:38:56:   File "/var/www/empiregames/app/venv/lib/python3.10/site-packages/telegram/ext/_extbot.py", line 369, in _do_post
2025-10-25 07:38:56:     return await super()._do_post(
2025-10-25 07:38:56:   File "/var/www/empiregames/app/venv/lib/python3.10/site-packages/telegram/_bot.py", line 726, in _do_post
2025-10-25 07:38:56:     result = await request.post(
2025-10-25 07:38:56:   File "/var/www/empiregames/app/venv/lib/python3.10/site-packages/telegram/request/_baserequest.py", line 197, in post
2025-10-25 07:38:56:     result = await self._request_wrapper(
2025-10-25 07:38:56:   File "/var/www/empiregames/app/venv/lib/python3.10/site-packages/telegram/request/_baserequest.py", line 374, in _request_wrapper
2025-10-25 07:38:56:     raise exception
2025-10-25 07:38:56: telegram.error.InvalidToken: Unauthorized
2025-10-25 07:38:56: 
2025-10-25 07:38:56: The above exception was the direct cause of the following exception:
2025-10-25 07:38:56: 
2025-10-25 07:38:56: Traceback (most recent call last):
2025-10-25 07:38:56:   File "/var/www/empiregames/app/venv/lib/python3.10/site-packages/telegram/ext/_utils/networkloop.py", line 115, in network_retry_loop
2025-10-25 07:38:56:     if not await do_action():
2025-10-25 07:38:56:   File "/var/www/empiregames/app/venv/lib/python3.10/site-packages/telegram/ext/_utils/networkloop.py", line 93, in do_action
2025-10-25 07:38:56:     return await action_cb()
2025-10-25 07:38:56:   File "/var/www/empiregames/app/venv/lib/python3.10/site-packages/telegram/ext/_application.py", line 487, in initialize
2025-10-25 07:38:56:     await self.bot.initialize()
2025-10-25 07:38:56:   File "/var/www/empiregames/app/venv/lib/python3.10/site-packages/telegram/ext/_extbot.py", line 315, in initialize
2025-10-25 07:38:56:     await super().initialize()
2025-10-25 07:38:56:   File "/var/www/empiregames/app/venv/lib/python3.10/site-packages/telegram/_bot.py", line 846, in initialize
2025-10-25 07:38:56:     raise InvalidToken(f"The token `{self._token}` was rejected by the server.") from exc
2025-10-25 07:38:56: telegram.error.InvalidToken: The token `8320136714:AAHvPGC8EvP7qiJGiak5EKnt0-qrzmmb4IA` was rejected by the server.
2025-10-25 07:38:56: ERROR:__main__:Error starting support bot: The token `8320136714:AAHvPGC8EvP7qiJGiak5EKnt0-qrzmmb4IA` was rejected by the server.
2025-10-25 07:39:02: python-dotenv could not parse statement starting at line 7
2025-10-25 07:39:02: python-dotenv could not parse statement starting at line 9
2025-10-25 07:39:02: INFO:__main__:Starting support bot...
2025-10-25 07:39:02: /var/www/empiregames/app/bot/support.py:1078: PTBUserWarning: If 'per_message=False', 'CallbackQueryHandler' will not be tracked for every message. Read this FAQ entry to learn more about the per_* settings: https://github.com/python-telegram-bot/python-telegram-bot/wiki/Frequently-Asked-Questions#what-do-the-per_-settings-in-conversationhandler-do.
2025-10-25 07:39:02:   search_conversation = ConversationHandler(
2025-10-25 07:39:03: INFO:httpx:HTTP Request: POST https://api.telegram.org/bot8320136714:AAHvPGC8EvP7qiJGiak5EKnt0-qrzmmb4IA/getMe "HTTP/1.1 401 Unauthorized"
2025-10-25 07:39:03: ERROR:telegram.ext:Network Retry Loop (Bootstrap Initialize Application): Invalid token. Aborting retry loop.
2025-10-25 07:39:03: Traceback (most recent call last):
2025-10-25 07:39:03:   File "/var/www/empiregames/app/venv/lib/python3.10/site-packages/telegram/_bot.py", line 844, in initialize
2025-10-25 07:39:03:     await self.get_me()
2025-10-25 07:39:03:   File "/var/www/empiregames/app/venv/lib/python3.10/site-packages/telegram/ext/_extbot.py", line 1980, in get_me
2025-10-25 07:39:03:     return await super().get_me(
2025-10-25 07:39:03:   File "/var/www/empiregames/app/venv/lib/python3.10/site-packages/telegram/_bot.py", line 975, in get_me
2025-10-25 07:39:03:     result = await self._post(
2025-10-25 07:39:03:   File "/var/www/empiregames/app/venv/lib/python3.10/site-packages/telegram/_bot.py", line 697, in _post
2025-10-25 07:39:03:     return await self._do_post(
2025-10-25 07:39:03:   File "/var/www/empiregames/app/venv/lib/python3.10/site-packages/telegram/ext/_extbot.py", line 369, in _do_post
2025-10-25 07:39:03:     return await super()._do_post(
2025-10-25 07:39:03:   File "/var/www/empiregames/app/venv/lib/python3.10/site-packages/telegram/_bot.py", line 726, in _do_post
2025-10-25 07:39:03:     result = await request.post(
2025-10-25 07:39:03:   File "/var/www/empiregames/app/venv/lib/python3.10/site-packages/telegram/request/_baserequest.py", line 197, in post
2025-10-25 07:39:03:     result = await self._request_wrapper(
2025-10-25 07:39:03:   File "/var/www/empiregames/app/venv/lib/python3.10/site-packages/telegram/request/_baserequest.py", line 374, in _request_wrapper
2025-10-25 07:39:03:     raise exception
2025-10-25 07:39:03: telegram.error.InvalidToken: Unauthorized
2025-10-25 07:39:03: 
2025-10-25 07:39:03: The above exception was the direct cause of the following exception:
2025-10-25 07:39:03: 
2025-10-25 07:39:03: Traceback (most recent call last):
2025-10-25 07:39:03:   File "/var/www/empiregames/app/venv/lib/python3.10/site-packages/telegram/ext/_utils/networkloop.py", line 115, in network_retry_loop
2025-10-25 07:39:03:     if not await do_action():
2025-10-25 07:39:03:   File "/var/www/empiregames/app/venv/lib/python3.10/site-packages/telegram/ext/_utils/networkloop.py", line 93, in do_action
2025-10-25 07:39:03:     return await action_cb()
2025-10-25 07:39:03:   File "/var/www/empiregames/app/venv/lib/python3.10/site-packages/telegram/ext/_application.py", line 487, in initialize
2025-10-25 07:39:03:     await self.bot.initialize()
2025-10-25 07:39:03:   File "/var/www/empiregames/app/venv/lib/python3.10/site-packages/telegram/ext/_extbot.py", line 315, in initialize
2025-10-25 07:39:03:     await super().initialize()
2025-10-25 07:39:03:   File "/var/www/empiregames/app/venv/lib/python3.10/site-packages/telegram/_bot.py", line 846, in initialize
2025-10-25 07:39:03:     raise InvalidToken(f"The token `{self._token}` was rejected by the server.") from exc
2025-10-25 07:39:03: telegram.error.InvalidToken: The token `8320136714:AAHvPGC8EvP7qiJGiak5EKnt0-qrzmmb4IA` was rejected by the server.
2025-10-25 07:39:03: ERROR:__main__:Error starting support bot: The token `8320136714:AAHvPGC8EvP7qiJGiak5EKnt0-qrzmmb4IA` was rejected by the server.
2025-10-25 07:39:09: python-dotenv could not parse statement starting at line 7
2025-10-25 07:39:09: python-dotenv could not parse statement starting at line 9
2025-10-25 07:39:09: INFO:__main__:Starting support bot...
2025-10-25 07:39:09: /var/www/empiregames/app/bot/support.py:1078: PTBUserWarning: If 'per_message=False', 'CallbackQueryHandler' will not be tracked for every message. Read this FAQ entry to learn more about the per_* settings: https://github.com/python-telegram-bot/python-telegram-bot/wiki/Frequently-Asked-Questions#what-do-the-per_-settings-in-conversationhandler-do.
2025-10-25 07:39:09:   search_conversation = ConversationHandler(
2025-10-25 07:39:09: INFO:httpx:HTTP Request: POST https://api.telegram.org/bot8320136714:AAHvPGC8EvP7qiJGiak5EKnt0-qrzmmb4IA/getMe "HTTP/1.1 401 Unauthorized"
2025-10-25 07:39:09: ERROR:telegram.ext:Network Retry Loop (Bootstrap Initialize Application): Invalid token. Aborting retry loop.
2025-10-25 07:39:09: Traceback (most recent call last):
2025-10-25 07:39:09:   File "/var/www/empiregames/app/venv/lib/python3.10/site-packages/telegram/_bot.py", line 844, in initialize
2025-10-25 07:39:09:     await self.get_me()
2025-10-25 07:39:09:   File "/var/www/empiregames/app/venv/lib/python3.10/site-packages/telegram/ext/_extbot.py", line 1980, in get_me
2025-10-25 07:39:09:     return await super().get_me(
2025-10-25 07:39:09:   File "/var/www/empiregames/app/venv/lib/python3.10/site-packages/telegram/_bot.py", line 975, in get_me
2025-10-25 07:39:09:     result = await self._post(
2025-10-25 07:39:09:   File "/var/www/empiregames/app/venv/lib/python3.10/site-packages/telegram/_bot.py", line 697, in _post
2025-10-25 07:39:09:     return await self._do_post(
2025-10-25 07:39:09:   File "/var/www/empiregames/app/venv/lib/python3.10/site-packages/telegram/ext/_extbot.py", line 369, in _do_post
2025-10-25 07:39:09:     return await super()._do_post(
2025-10-25 07:39:09:   File "/var/www/empiregames/app/venv/lib/python3.10/site-packages/telegram/_bot.py", line 726, in _do_post
2025-10-25 07:39:09:     result = await request.post(
2025-10-25 07:39:09:   File "/var/www/empiregames/app/venv/lib/python3.10/site-packages/telegram/request/_baserequest.py", line 197, in post
2025-10-25 07:39:09:     result = await self._request_wrapper(
2025-10-25 07:39:09:   File "/var/www/empiregames/app/venv/lib/python3.10/site-packages/telegram/request/_baserequest.py", line 374, in _request_wrapper
2025-10-25 07:39:09:     raise exception
2025-10-25 07:39:09: telegram.error.InvalidToken: Unauthorized
2025-10-25 07:39:09: 
2025-10-25 07:39:09: The above exception was the direct cause of the following exception:
2025-10-25 07:39:09: 
2025-10-25 07:39:09: Traceback (most recent call last):
2025-10-25 07:39:09:   File "/var/www/empiregames/app/venv/lib/python3.10/site-packages/telegram/ext/_utils/networkloop.py", line 115, in network_retry_loop
2025-10-25 07:39:09:     if not await do_action():
2025-10-25 07:39:09:   File "/var/www/empiregames/app/venv/lib/python3.10/site-packages/telegram/ext/_utils/networkloop.py", line 93, in do_action
2025-10-25 07:39:09:     return await action_cb()
2025-10-25 07:39:09:   File "/var/www/empiregames/app/venv/lib/python3.10/site-packages/telegram/ext/_application.py", line 487, in initialize
2025-10-25 07:39:09:     await self.bot.initialize()
2025-10-25 07:39:09:   File "/var/www/empiregames/app/venv/lib/python3.10/site-packages/telegram/ext/_extbot.py", line 315, in initialize
2025-10-25 07:39:09:     await super().initialize()
2025-10-25 07:39:09:   File "/var/www/empiregames/app/venv/lib/python3.10/site-packages/telegram/_bot.py", line 846, in initialize
2025-10-25 07:39:09:     raise InvalidToken(f"The token `{self._token}` was rejected by the server.") from exc
2025-10-25 07:39:09: telegram.error.InvalidToken: The token `8320136714:AAHvPGC8EvP7qiJGiak5EKnt0-qrzmmb4IA` was rejected by the server.
2025-10-25 07:39:09: ERROR:__main__:Error starting support bot: The token `8320136714:AAHvPGC8EvP7qiJGiak5EKnt0-qrzmmb4IA` was rejected by the server.
2025-10-25 07:39:15: python-dotenv could not parse statement starting at line 7
2025-10-25 07:39:15: python-dotenv could not parse statement starting at line 9
2025-10-25 07:39:15: INFO:__main__:Starting support bot...
2025-10-25 07:39:15: /var/www/empiregames/app/bot/support.py:1078: PTBUserWarning: If 'per_message=False', 'CallbackQueryHandler' will not be tracked for every message. Read this FAQ entry to learn more about the per_* settings: https://github.com/python-telegram-bot/python-telegram-bot/wiki/Frequently-Asked-Questions#what-do-the-per_-settings-in-conversationhandler-do.
2025-10-25 07:39:15:   search_conversation = ConversationHandler(
2025-10-25 07:39:15: INFO:httpx:HTTP Request: POST https://api.telegram.org/bot8320136714:AAHvPGC8EvP7qiJGiak5EKnt0-qrzmmb4IA/getMe "HTTP/1.1 401 Unauthorized"
2025-10-25 07:39:15: ERROR:telegram.ext:Network Retry Loop (Bootstrap Initialize Application): Invalid token. Aborting retry loop.
2025-10-25 07:39:15: Traceback (most recent call last):
2025-10-25 07:39:15:   File "/var/www/empiregames/app/venv/lib/python3.10/site-packages/telegram/_bot.py", line 844, in initialize
2025-10-25 07:39:15:     await self.get_me()
2025-10-25 07:39:15:   File "/var/www/empiregames/app/venv/lib/python3.10/site-packages/telegram/ext/_extbot.py", line 1980, in get_me
2025-10-25 07:39:15:     return await super().get_me(
2025-10-25 07:39:15:   File "/var/www/empiregames/app/venv/lib/python3.10/site-packages/telegram/_bot.py", line 975, in get_me
2025-10-25 07:39:15:     result = await self._post(
2025-10-25 07:39:15:   File "/var/www/empiregames/app/venv/lib/python3.10/site-packages/telegram/_bot.py", line 697, in _post
2025-10-25 07:39:15:     return await self._do_post(
2025-10-25 07:39:15:   File "/var/www/empiregames/app/venv/lib/python3.10/site-packages/telegram/ext/_extbot.py", line 369, in _do_post
2025-10-25 07:39:15:     return await super()._do_post(
2025-10-25 07:39:15:   File "/var/www/empiregames/app/venv/lib/python3.10/site-packages/telegram/_bot.py", line 726, in _do_post
2025-10-25 07:39:15:     result = await request.post(
2025-10-25 07:39:15:   File "/var/www/empiregames/app/venv/lib/python3.10/site-packages/telegram/request/_baserequest.py", line 197, in post
2025-10-25 07:39:15:     result = await self._request_wrapper(
2025-10-25 07:39:15:   File "/var/www/empiregames/app/venv/lib/python3.10/site-packages/telegram/request/_baserequest.py", line 374, in _request_wrapper
2025-10-25 07:39:15:     raise exception
2025-10-25 07:39:15: telegram.error.InvalidToken: Unauthorized
2025-10-25 07:39:15: 
2025-10-25 07:39:15: The above exception was the direct cause of the following exception:
2025-10-25 07:39:15: 
2025-10-25 07:39:15: Traceback (most recent call last):
2025-10-25 07:39:15:   File "/var/www/empiregames/app/venv/lib/python3.10/site-packages/telegram/ext/_utils/networkloop.py", line 115, in network_retry_loop
2025-10-25 07:39:15:     if not await do_action():
2025-10-25 07:39:15:   File "/var/www/empiregames/app/venv/lib/python3.10/site-packages/telegram/ext/_utils/networkloop.py", line 93, in do_action
2025-10-25 07:39:15:     return await action_cb()
2025-10-25 07:39:15:   File "/var/www/empiregames/app/venv/lib/python3.10/site-packages/telegram/ext/_application.py", line 487, in initialize
2025-10-25 07:39:15:     await self.bot.initialize()
2025-10-25 07:39:15:   File "/var/www/empiregames/app/venv/lib/python3.10/site-packages/telegram/ext/_extbot.py", line 315, in initialize
2025-10-25 07:39:15:     await super().initialize()
2025-10-25 07:39:15:   File "/var/www/empiregames/app/venv/lib/python3.10/site-packages/telegram/_bot.py", line 846, in initialize
2025-10-25 07:39:15:     raise InvalidToken(f"The token `{self._token}` was rejected by the server.") from exc
2025-10-25 07:39:15: telegram.error.InvalidToken: The token `8320136714:AAHvPGC8EvP7qiJGiak5EKnt0-qrzmmb4IA` was rejected by the server.
2025-10-25 07:39:15: ERROR:__main__:Error starting support bot: The token `8320136714:AAHvPGC8EvP7qiJGiak5EKnt0-qrzmmb4IA` was rejected by the server.
2025-10-25 07:41:05: python-dotenv could not parse statement starting at line 7
2025-10-25 07:41:05: python-dotenv could not parse statement starting at line 9
2025-10-25 07:41:06: INFO:__main__:Starting support bot...
2025-10-25 07:41:06: /var/www/empiregames/app/bot/support.py:1078: PTBUserWarning: If 'per_message=False', 'CallbackQueryHandler' will not be tracked for every message. Read this FAQ entry to learn more about the per_* settings: https://github.com/python-telegram-bot/python-telegram-bot/wiki/Frequently-Asked-Questions#what-do-the-per_-settings-in-conversationhandler-do.
2025-10-25 07:41:06:   search_conversation = ConversationHandler(
2025-10-25 07:41:06: INFO:httpx:HTTP Request: POST https://api.telegram.org/bot8320136714:AAHvPGC8EvP7qiJGiak5EKnt0-qrzmmb4IA/getMe "HTTP/1.1 401 Unauthorized"
2025-10-25 07:41:06: ERROR:telegram.ext:Network Retry Loop (Bootstrap Initialize Application): Invalid token. Aborting retry loop.
2025-10-25 07:41:06: Traceback (most recent call last):
2025-10-25 07:41:06:   File "/var/www/empiregames/app/venv/lib/python3.10/site-packages/telegram/_bot.py", line 844, in initialize
2025-10-25 07:41:06:     await self.get_me()
2025-10-25 07:41:06:   File "/var/www/empiregames/app/venv/lib/python3.10/site-packages/telegram/ext/_extbot.py", line 1980, in get_me
2025-10-25 07:41:06:     return await super().get_me(
2025-10-25 07:41:06:   File "/var/www/empiregames/app/venv/lib/python3.10/site-packages/telegram/_bot.py", line 975, in get_me
2025-10-25 07:41:06:     result = await self._post(
2025-10-25 07:41:06:   File "/var/www/empiregames/app/venv/lib/python3.10/site-packages/telegram/_bot.py", line 697, in _post
2025-10-25 07:41:06:     return await self._do_post(
2025-10-25 07:41:06:   File "/var/www/empiregames/app/venv/lib/python3.10/site-packages/telegram/ext/_extbot.py", line 369, in _do_post
2025-10-25 07:41:06:     return await super()._do_post(
2025-10-25 07:41:06:   File "/var/www/empiregames/app/venv/lib/python3.10/site-packages/telegram/_bot.py", line 726, in _do_post
2025-10-25 07:41:06:     result = await request.post(
2025-10-25 07:41:06:   File "/var/www/empiregames/app/venv/lib/python3.10/site-packages/telegram/request/_baserequest.py", line 197, in post
2025-10-25 07:41:06:     result = await self._request_wrapper(
2025-10-25 07:41:06:   File "/var/www/empiregames/app/venv/lib/python3.10/site-packages/telegram/request/_baserequest.py", line 374, in _request_wrapper
2025-10-25 07:41:06:     raise exception
2025-10-25 07:41:06: telegram.error.InvalidToken: Unauthorized
2025-10-25 07:41:06: 
2025-10-25 07:41:06: The above exception was the direct cause of the following exception:
2025-10-25 07:41:06: 
2025-10-25 07:41:06: Traceback (most recent call last):
2025-10-25 07:41:06:   File "/var/www/empiregames/app/venv/lib/python3.10/site-packages/telegram/ext/_utils/networkloop.py", line 115, in network_retry_loop
2025-10-25 07:41:06:     if not await do_action():
2025-10-25 07:41:06:   File "/var/www/empiregames/app/venv/lib/python3.10/site-packages/telegram/ext/_utils/networkloop.py", line 93, in do_action
2025-10-25 07:41:06:     return await action_cb()
2025-10-25 07:41:06:   File "/var/www/empiregames/app/venv/lib/python3.10/site-packages/telegram/ext/_application.py", line 487, in initialize
2025-10-25 07:41:06:     await self.bot.initialize()
2025-10-25 07:41:06:   File "/var/www/empiregames/app/venv/lib/python3.10/site-packages/telegram/ext/_extbot.py", line 315, in initialize
2025-10-25 07:41:06:     await super().initialize()
2025-10-25 07:41:06:   File "/var/www/empiregames/app/venv/lib/python3.10/site-packages/telegram/_bot.py", line 846, in initialize
2025-10-25 07:41:06:     raise InvalidToken(f"The token `{self._token}` was rejected by the server.") from exc
2025-10-25 07:41:06: telegram.error.InvalidToken: The token `8320136714:AAHvPGC8EvP7qiJGiak5EKnt0-qrzmmb4IA` was rejected by the server.
2025-10-25 07:41:06: ERROR:__main__:Error starting support bot: The token `8320136714:AAHvPGC8EvP7qiJGiak5EKnt0-qrzmmb4IA` was rejected by the server.
2025-10-25 07:41:13: python-dotenv could not parse statement starting at line 7
2025-10-25 07:41:13: python-dotenv could not parse statement starting at line 9
2025-10-25 07:41:13: INFO:__main__:Starting support bot...
2025-10-25 07:41:13: /var/www/empiregames/app/bot/support.py:1078: PTBUserWarning: If 'per_message=False', 'CallbackQueryHandler' will not be tracked for every message. Read this FAQ entry to learn more about the per_* settings: https://github.com/python-telegram-bot/python-telegram-bot/wiki/Frequently-Asked-Questions#what-do-the-per_-settings-in-conversationhandler-do.
2025-10-25 07:41:13:   search_conversation = ConversationHandler(
2025-10-25 07:41:13: INFO:httpx:HTTP Request: POST https://api.telegram.org/bot8320136714:AAHvPGC8EvP7qiJGiak5EKnt0-qrzmmb4IA/getMe "HTTP/1.1 401 Unauthorized"
2025-10-25 07:41:13: ERROR:telegram.ext:Network Retry Loop (Bootstrap Initialize Application): Invalid token. Aborting retry loop.
2025-10-25 07:41:13: Traceback (most recent call last):
2025-10-25 07:41:13:   File "/var/www/empiregames/app/venv/lib/python3.10/site-packages/telegram/_bot.py", line 844, in initialize
2025-10-25 07:41:13:     await self.get_me()
2025-10-25 07:41:13:   File "/var/www/empiregames/app/venv/lib/python3.10/site-packages/telegram/ext/_extbot.py", line 1980, in get_me
2025-10-25 07:41:13:     return await super().get_me(
2025-10-25 07:41:13:   File "/var/www/empiregames/app/venv/lib/python3.10/site-packages/telegram/_bot.py", line 975, in get_me
2025-10-25 07:41:13:     result = await self._post(
2025-10-25 07:41:13:   File "/var/www/empiregames/app/venv/lib/python3.10/site-packages/telegram/_bot.py", line 697, in _post
2025-10-25 07:41:13:     return await self._do_post(
2025-10-25 07:41:13:   File "/var/www/empiregames/app/venv/lib/python3.10/site-packages/telegram/ext/_extbot.py", line 369, in _do_post
2025-10-25 07:41:13:     return await super()._do_post(
2025-10-25 07:41:13:   File "/var/www/empiregames/app/venv/lib/python3.10/site-packages/telegram/_bot.py", line 726, in _do_post
2025-10-25 07:41:13:     result = await request.post(
2025-10-25 07:41:13:   File "/var/www/empiregames/app/venv/lib/python3.10/site-packages/telegram/request/_baserequest.py", line 197, in post
2025-10-25 07:41:13:     result = await self._request_wrapper(
2025-10-25 07:41:13:   File "/var/www/empiregames/app/venv/lib/python3.10/site-packages/telegram/request/_baserequest.py", line 374, in _request_wrapper
2025-10-25 07:41:13:     raise exception
2025-10-25 07:41:13: telegram.error.InvalidToken: Unauthorized
2025-10-25 07:41:13: 
2025-10-25 07:41:13: The above exception was the direct cause of the following exception:
2025-10-25 07:41:13: 
2025-10-25 07:41:13: Traceback (most recent call last):
2025-10-25 07:41:13:   File "/var/www/empiregames/app/venv/lib/python3.10/site-packages/telegram/ext/_utils/networkloop.py", line 115, in network_retry_loop
2025-10-25 07:41:13:     if not await do_action():
2025-10-25 07:41:13:   File "/var/www/empiregames/app/venv/lib/python3.10/site-packages/telegram/ext/_utils/networkloop.py", line 93, in do_action
2025-10-25 07:41:13:     return await action_cb()
2025-10-25 07:41:13:   File "/var/www/empiregames/app/venv/lib/python3.10/site-packages/telegram/ext/_application.py", line 487, in initialize
2025-10-25 07:41:13:     await self.bot.initialize()
2025-10-25 07:41:13:   File "/var/www/empiregames/app/venv/lib/python3.10/site-packages/telegram/ext/_extbot.py", line 315, in initialize
2025-10-25 07:41:13:     await super().initialize()
2025-10-25 07:41:13:   File "/var/www/empiregames/app/venv/lib/python3.10/site-packages/telegram/_bot.py", line 846, in initialize
2025-10-25 07:41:13:     raise InvalidToken(f"The token `{self._token}` was rejected by the server.") from exc
2025-10-25 07:41:13: telegram.error.InvalidToken: The token `8320136714:AAHvPGC8EvP7qiJGiak5EKnt0-qrzmmb4IA` was rejected by the server.
2025-10-25 07:41:13: ERROR:__main__:Error starting support bot: The token `8320136714:AAHvPGC8EvP7qiJGiak5EKnt0-qrzmmb4IA` was rejected by the server.
2025-10-25 07:41:19: python-dotenv could not parse statement starting at line 7
2025-10-25 07:41:19: python-dotenv could not parse statement starting at line 9
2025-10-25 07:41:20: INFO:__main__:Starting support bot...
2025-10-25 07:41:20: /var/www/empiregames/app/bot/support.py:1078: PTBUserWarning: If 'per_message=False', 'CallbackQueryHandler' will not be tracked for every message. Read this FAQ entry to learn more about the per_* settings: https://github.com/python-telegram-bot/python-telegram-bot/wiki/Frequently-Asked-Questions#what-do-the-per_-settings-in-conversationhandler-do.
2025-10-25 07:41:20:   search_conversation = ConversationHandler(
2025-10-25 07:41:20: INFO:httpx:HTTP Request: POST https://api.telegram.org/bot8320136714:AAHvPGC8EvP7qiJGiak5EKnt0-qrzmmb4IA/getMe "HTTP/1.1 401 Unauthorized"
2025-10-25 07:41:20: ERROR:telegram.ext:Network Retry Loop (Bootstrap Initialize Application): Invalid token. Aborting retry loop.
2025-10-25 07:41:20: Traceback (most recent call last):
2025-10-25 07:41:20:   File "/var/www/empiregames/app/venv/lib/python3.10/site-packages/telegram/_bot.py", line 844, in initialize
2025-10-25 07:41:20:     await self.get_me()
2025-10-25 07:41:20:   File "/var/www/empiregames/app/venv/lib/python3.10/site-packages/telegram/ext/_extbot.py", line 1980, in get_me
2025-10-25 07:41:20:     return await super().get_me(
2025-10-25 07:41:20:   File "/var/www/empiregames/app/venv/lib/python3.10/site-packages/telegram/_bot.py", line 975, in get_me
2025-10-25 07:41:20:     result = await self._post(
2025-10-25 07:41:20:   File "/var/www/empiregames/app/venv/lib/python3.10/site-packages/telegram/_bot.py", line 697, in _post
2025-10-25 07:41:20:     return await self._do_post(
2025-10-25 07:41:20:   File "/var/www/empiregames/app/venv/lib/python3.10/site-packages/telegram/ext/_extbot.py", line 369, in _do_post
2025-10-25 07:41:20:     return await super()._do_post(
2025-10-25 07:41:20:   File "/var/www/empiregames/app/venv/lib/python3.10/site-packages/telegram/_bot.py", line 726, in _do_post
2025-10-25 07:41:20:     result = await request.post(
2025-10-25 07:41:20:   File "/var/www/empiregames/app/venv/lib/python3.10/site-packages/telegram/request/_baserequest.py", line 197, in post
2025-10-25 07:41:20:     result = await self._request_wrapper(
2025-10-25 07:41:20:   File "/var/www/empiregames/app/venv/lib/python3.10/site-packages/telegram/request/_baserequest.py", line 374, in _request_wrapper
2025-10-25 07:41:20:     raise exception
2025-10-25 07:41:20: telegram.error.InvalidToken: Unauthorized
2025-10-25 07:41:20: 
2025-10-25 07:41:20: The above exception was the direct cause of the following exception:
2025-10-25 07:41:20: 
2025-10-25 07:41:20: Traceback (most recent call last):
2025-10-25 07:41:20:   File "/var/www/empiregames/app/venv/lib/python3.10/site-packages/telegram/ext/_utils/networkloop.py", line 115, in network_retry_loop
2025-10-25 07:41:20:     if not await do_action():
2025-10-25 07:41:20:   File "/var/www/empiregames/app/venv/lib/python3.10/site-packages/telegram/ext/_utils/networkloop.py", line 93, in do_action
2025-10-25 07:41:20:     return await action_cb()
2025-10-25 07:41:20:   File "/var/www/empiregames/app/venv/lib/python3.10/site-packages/telegram/ext/_application.py", line 487, in initialize
2025-10-25 07:41:20:     await self.bot.initialize()
2025-10-25 07:41:20:   File "/var/www/empiregames/app/venv/lib/python3.10/site-packages/telegram/ext/_extbot.py", line 315, in initialize
2025-10-25 07:41:20:     await super().initialize()
2025-10-25 07:41:20:   File "/var/www/empiregames/app/venv/lib/python3.10/site-packages/telegram/_bot.py", line 846, in initialize
2025-10-25 07:41:20:     raise InvalidToken(f"The token `{self._token}` was rejected by the server.") from exc
2025-10-25 07:41:20: telegram.error.InvalidToken: The token `8320136714:AAHvPGC8EvP7qiJGiak5EKnt0-qrzmmb4IA` was rejected by the server.
2025-10-25 07:41:20: ERROR:__main__:Error starting support bot: The token `8320136714:AAHvPGC8EvP7qiJGiak5EKnt0-qrzmmb4IA` was rejected by the server.
2025-10-25 07:41:26: python-dotenv could not parse statement starting at line 7
2025-10-25 07:41:26: python-dotenv could not parse statement starting at line 9
2025-10-25 07:41:26: INFO:__main__:Starting support bot...
2025-10-25 07:41:26: /var/www/empiregames/app/bot/support.py:1078: PTBUserWarning: If 'per_message=False', 'CallbackQueryHandler' will not be tracked for every message. Read this FAQ entry to learn more about the per_* settings: https://github.com/python-telegram-bot/python-telegram-bot/wiki/Frequently-Asked-Questions#what-do-the-per_-settings-in-conversationhandler-do.
2025-10-25 07:41:26:   search_conversation = ConversationHandler(
2025-10-25 07:41:26: INFO:httpx:HTTP Request: POST https://api.telegram.org/bot8320136714:AAHvPGC8EvP7qiJGiak5EKnt0-qrzmmb4IA/getMe "HTTP/1.1 401 Unauthorized"
2025-10-25 07:41:26: ERROR:telegram.ext:Network Retry Loop (Bootstrap Initialize Application): Invalid token. Aborting retry loop.
2025-10-25 07:41:26: Traceback (most recent call last):
2025-10-25 07:41:26:   File "/var/www/empiregames/app/venv/lib/python3.10/site-packages/telegram/_bot.py", line 844, in initialize
2025-10-25 07:41:26:     await self.get_me()
2025-10-25 07:41:26:   File "/var/www/empiregames/app/venv/lib/python3.10/site-packages/telegram/ext/_extbot.py", line 1980, in get_me
2025-10-25 07:41:26:     return await super().get_me(
2025-10-25 07:41:26:   File "/var/www/empiregames/app/venv/lib/python3.10/site-packages/telegram/_bot.py", line 975, in get_me
2025-10-25 07:41:26:     result = await self._post(
2025-10-25 07:41:26:   File "/var/www/empiregames/app/venv/lib/python3.10/site-packages/telegram/_bot.py", line 697, in _post
2025-10-25 07:41:26:     return await self._do_post(
2025-10-25 07:41:26:   File "/var/www/empiregames/app/venv/lib/python3.10/site-packages/telegram/ext/_extbot.py", line 369, in _do_post
2025-10-25 07:41:26:     return await super()._do_post(
2025-10-25 07:41:26:   File "/var/www/empiregames/app/venv/lib/python3.10/site-packages/telegram/_bot.py", line 726, in _do_post
2025-10-25 07:41:26:     result = await request.post(
2025-10-25 07:41:26:   File "/var/www/empiregames/app/venv/lib/python3.10/site-packages/telegram/request/_baserequest.py", line 197, in post
2025-10-25 07:41:26:     result = await self._request_wrapper(
2025-10-25 07:41:26:   File "/var/www/empiregames/app/venv/lib/python3.10/site-packages/telegram/request/_baserequest.py", line 374, in _request_wrapper
2025-10-25 07:41:26:     raise exception
2025-10-25 07:41:26: telegram.error.InvalidToken: Unauthorized
2025-10-25 07:41:26: 
2025-10-25 07:41:26: The above exception was the direct cause of the following exception:
2025-10-25 07:41:26: 
2025-10-25 07:41:26: Traceback (most recent call last):
2025-10-25 07:41:26:   File "/var/www/empiregames/app/venv/lib/python3.10/site-packages/telegram/ext/_utils/networkloop.py", line 115, in network_retry_loop
2025-10-25 07:41:26:     if not await do_action():
2025-10-25 07:41:26:   File "/var/www/empiregames/app/venv/lib/python3.10/site-packages/telegram/ext/_utils/networkloop.py", line 93, in do_action
2025-10-25 07:41:26:     return await action_cb()
2025-10-25 07:41:26:   File "/var/www/empiregames/app/venv/lib/python3.10/site-packages/telegram/ext/_application.py", line 487, in initialize
2025-10-25 07:41:26:     await self.bot.initialize()
2025-10-25 07:41:26:   File "/var/www/empiregames/app/venv/lib/python3.10/site-packages/telegram/ext/_extbot.py", line 315, in initialize
2025-10-25 07:41:26:     await super().initialize()
2025-10-25 07:41:26:   File "/var/www/empiregames/app/venv/lib/python3.10/site-packages/telegram/_bot.py", line 846, in initialize
2025-10-25 07:41:26:     raise InvalidToken(f"The token `{self._token}` was rejected by the server.") from exc
2025-10-25 07:41:26: telegram.error.InvalidToken: The token `8320136714:AAHvPGC8EvP7qiJGiak5EKnt0-qrzmmb4IA` was rejected by the server.
2025-10-25 07:41:26: ERROR:__main__:Error starting support bot: The token `8320136714:AAHvPGC8EvP7qiJGiak5EKnt0-qrzmmb4IA` was rejected by the server.
2025-10-25 07:41:32: python-dotenv could not parse statement starting at line 7
2025-10-25 07:41:32: python-dotenv could not parse statement starting at line 9
2025-10-25 07:41:33: INFO:__main__:Starting support bot...
2025-10-25 07:41:33: /var/www/empiregames/app/bot/support.py:1078: PTBUserWarning: If 'per_message=False', 'CallbackQueryHandler' will not be tracked for every message. Read this FAQ entry to learn more about the per_* settings: https://github.com/python-telegram-bot/python-telegram-bot/wiki/Frequently-Asked-Questions#what-do-the-per_-settings-in-conversationhandler-do.
2025-10-25 07:41:33:   search_conversation = ConversationHandler(
2025-10-25 07:41:33: INFO:httpx:HTTP Request: POST https://api.telegram.org/bot8320136714:AAHvPGC8EvP7qiJGiak5EKnt0-qrzmmb4IA/getMe "HTTP/1.1 401 Unauthorized"
2025-10-25 07:41:33: ERROR:telegram.ext:Network Retry Loop (Bootstrap Initialize Application): Invalid token. Aborting retry loop.
2025-10-25 07:41:33: Traceback (most recent call last):
2025-10-25 07:41:33:   File "/var/www/empiregames/app/venv/lib/python3.10/site-packages/telegram/_bot.py", line 844, in initialize
2025-10-25 07:41:33:     await self.get_me()
2025-10-25 07:41:33:   File "/var/www/empiregames/app/venv/lib/python3.10/site-packages/telegram/ext/_extbot.py", line 1980, in get_me
2025-10-25 07:41:33:     return await super().get_me(
2025-10-25 07:41:33:   File "/var/www/empiregames/app/venv/lib/python3.10/site-packages/telegram/_bot.py", line 975, in get_me
2025-10-25 07:41:33:     result = await self._post(
2025-10-25 07:41:33:   File "/var/www/empiregames/app/venv/lib/python3.10/site-packages/telegram/_bot.py", line 697, in _post
2025-10-25 07:41:33:     return await self._do_post(
2025-10-25 07:41:33:   File "/var/www/empiregames/app/venv/lib/python3.10/site-packages/telegram/ext/_extbot.py", line 369, in _do_post
2025-10-25 07:41:33:     return await super()._do_post(
2025-10-25 07:41:33:   File "/var/www/empiregames/app/venv/lib/python3.10/site-packages/telegram/_bot.py", line 726, in _do_post
2025-10-25 07:41:33:     result = await request.post(
2025-10-25 07:41:33:   File "/var/www/empiregames/app/venv/lib/python3.10/site-packages/telegram/request/_baserequest.py", line 197, in post
2025-10-25 07:41:33:     result = await self._request_wrapper(
2025-10-25 07:41:33:   File "/var/www/empiregames/app/venv/lib/python3.10/site-packages/telegram/request/_baserequest.py", line 374, in _request_wrapper
2025-10-25 07:41:33:     raise exception
2025-10-25 07:41:33: telegram.error.InvalidToken: Unauthorized
2025-10-25 07:41:33: 
2025-10-25 07:41:33: The above exception was the direct cause of the following exception:
2025-10-25 07:41:33: 
2025-10-25 07:41:33: Traceback (most recent call last):
2025-10-25 07:41:33:   File "/var/www/empiregames/app/venv/lib/python3.10/site-packages/telegram/ext/_utils/networkloop.py", line 115, in network_retry_loop
2025-10-25 07:41:33:     if not await do_action():
2025-10-25 07:41:33:   File "/var/www/empiregames/app/venv/lib/python3.10/site-packages/telegram/ext/_utils/networkloop.py", line 93, in do_action
2025-10-25 07:41:33:     return await action_cb()
2025-10-25 07:41:33:   File "/var/www/empiregames/app/venv/lib/python3.10/site-packages/telegram/ext/_application.py", line 487, in initialize
2025-10-25 07:41:33:     await self.bot.initialize()
2025-10-25 07:41:33:   File "/var/www/empiregames/app/venv/lib/python3.10/site-packages/telegram/ext/_extbot.py", line 315, in initialize
2025-10-25 07:41:33:     await super().initialize()
2025-10-25 07:41:33:   File "/var/www/empiregames/app/venv/lib/python3.10/site-packages/telegram/_bot.py", line 846, in initialize
2025-10-25 07:41:33:     raise InvalidToken(f"The token `{self._token}` was rejected by the server.") from exc
2025-10-25 07:41:33: telegram.error.InvalidToken: The token `8320136714:AAHvPGC8EvP7qiJGiak5EKnt0-qrzmmb4IA` was rejected by the server.
2025-10-25 07:41:33: ERROR:__main__:Error starting support bot: The token `8320136714:AAHvPGC8EvP7qiJGiak5EKnt0-qrzmmb4IA` was rejected by the server.
2025-10-25 07:41:39: python-dotenv could not parse statement starting at line 7
2025-10-25 07:41:39: python-dotenv could not parse statement starting at line 9
2025-10-25 07:41:39: INFO:__main__:Starting support bot...
2025-10-25 07:41:39: /var/www/empiregames/app/bot/support.py:1078: PTBUserWarning: If 'per_message=False', 'CallbackQueryHandler' will not be tracked for every message. Read this FAQ entry to learn more about the per_* settings: https://github.com/python-telegram-bot/python-telegram-bot/wiki/Frequently-Asked-Questions#what-do-the-per_-settings-in-conversationhandler-do.
2025-10-25 07:41:39:   search_conversation = ConversationHandler(
2025-10-25 07:41:39: INFO:httpx:HTTP Request: POST https://api.telegram.org/bot8320136714:AAHvPGC8EvP7qiJGiak5EKnt0-qrzmmb4IA/getMe "HTTP/1.1 401 Unauthorized"
2025-10-25 07:41:39: ERROR:telegram.ext:Network Retry Loop (Bootstrap Initialize Application): Invalid token. Aborting retry loop.
2025-10-25 07:41:39: Traceback (most recent call last):
2025-10-25 07:41:39:   File "/var/www/empiregames/app/venv/lib/python3.10/site-packages/telegram/_bot.py", line 844, in initialize
2025-10-25 07:41:39:     await self.get_me()
2025-10-25 07:41:39:   File "/var/www/empiregames/app/venv/lib/python3.10/site-packages/telegram/ext/_extbot.py", line 1980, in get_me
2025-10-25 07:41:39:     return await super().get_me(
2025-10-25 07:41:39:   File "/var/www/empiregames/app/venv/lib/python3.10/site-packages/telegram/_bot.py", line 975, in get_me
2025-10-25 07:41:39:     result = await self._post(
2025-10-25 07:41:39:   File "/var/www/empiregames/app/venv/lib/python3.10/site-packages/telegram/_bot.py", line 697, in _post
2025-10-25 07:41:39:     return await self._do_post(
2025-10-25 07:41:39:   File "/var/www/empiregames/app/venv/lib/python3.10/site-packages/telegram/ext/_extbot.py", line 369, in _do_post
2025-10-25 07:41:39:     return await super()._do_post(
2025-10-25 07:41:39:   File "/var/www/empiregames/app/venv/lib/python3.10/site-packages/telegram/_bot.py", line 726, in _do_post
2025-10-25 07:41:39:     result = await request.post(
2025-10-25 07:41:39:   File "/var/www/empiregames/app/venv/lib/python3.10/site-packages/telegram/request/_baserequest.py", line 197, in post
2025-10-25 07:41:39:     result = await self._request_wrapper(
2025-10-25 07:41:39:   File "/var/www/empiregames/app/venv/lib/python3.10/site-packages/telegram/request/_baserequest.py", line 374, in _request_wrapper
2025-10-25 07:41:39:     raise exception
2025-10-25 07:41:39: telegram.error.InvalidToken: Unauthorized
2025-10-25 07:41:39: 
2025-10-25 07:41:39: The above exception was the direct cause of the following exception:
2025-10-25 07:41:39: 
2025-10-25 07:41:39: Traceback (most recent call last):
2025-10-25 07:41:39:   File "/var/www/empiregames/app/venv/lib/python3.10/site-packages/telegram/ext/_utils/networkloop.py", line 115, in network_retry_loop
2025-10-25 07:41:39:     if not await do_action():
2025-10-25 07:41:39:   File "/var/www/empiregames/app/venv/lib/python3.10/site-packages/telegram/ext/_utils/networkloop.py", line 93, in do_action
2025-10-25 07:41:39:     return await action_cb()
2025-10-25 07:41:39:   File "/var/www/empiregames/app/venv/lib/python3.10/site-packages/telegram/ext/_application.py", line 487, in initialize
2025-10-25 07:41:39:     await self.bot.initialize()
2025-10-25 07:41:39:   File "/var/www/empiregames/app/venv/lib/python3.10/site-packages/telegram/ext/_extbot.py", line 315, in initialize
2025-10-25 07:41:39:     await super().initialize()
2025-10-25 07:41:39:   File "/var/www/empiregames/app/venv/lib/python3.10/site-packages/telegram/_bot.py", line 846, in initialize
2025-10-25 07:41:39:     raise InvalidToken(f"The token `{self._token}` was rejected by the server.") from exc
2025-10-25 07:41:39: telegram.error.InvalidToken: The token `8320136714:AAHvPGC8EvP7qiJGiak5EKnt0-qrzmmb4IA` was rejected by the server.
2025-10-25 07:41:39: ERROR:__main__:Error starting support bot: The token `8320136714:AAHvPGC8EvP7qiJGiak5EKnt0-qrzmmb4IA` was rejected by the server.
2025-10-25 07:41:45: python-dotenv could not parse statement starting at line 7
2025-10-25 07:41:45: python-dotenv could not parse statement starting at line 9
2025-10-25 07:41:46: INFO:__main__:Starting support bot...
2025-10-25 07:41:46: /var/www/empiregames/app/bot/support.py:1078: PTBUserWarning: If 'per_message=False', 'CallbackQueryHandler' will not be tracked for every message. Read this FAQ entry to learn more about the per_* settings: https://github.com/python-telegram-bot/python-telegram-bot/wiki/Frequently-Asked-Questions#what-do-the-per_-settings-in-conversationhandler-do.
2025-10-25 07:41:46:   search_conversation = ConversationHandler(
2025-10-25 07:41:46: INFO:httpx:HTTP Request: POST https://api.telegram.org/bot8320136714:AAHvPGC8EvP7qiJGiak5EKnt0-qrzmmb4IA/getMe "HTTP/1.1 401 Unauthorized"
2025-10-25 07:41:46: ERROR:telegram.ext:Network Retry Loop (Bootstrap Initialize Application): Invalid token. Aborting retry loop.
2025-10-25 07:41:46: Traceback (most recent call last):
2025-10-25 07:41:46:   File "/var/www/empiregames/app/venv/lib/python3.10/site-packages/telegram/_bot.py", line 844, in initialize
2025-10-25 07:41:46:     await self.get_me()
2025-10-25 07:41:46:   File "/var/www/empiregames/app/venv/lib/python3.10/site-packages/telegram/ext/_extbot.py", line 1980, in get_me
2025-10-25 07:41:46:     return await super().get_me(
2025-10-25 07:41:46:   File "/var/www/empiregames/app/venv/lib/python3.10/site-packages/telegram/_bot.py", line 975, in get_me
2025-10-25 07:41:46:     result = await self._post(
2025-10-25 07:41:46:   File "/var/www/empiregames/app/venv/lib/python3.10/site-packages/telegram/_bot.py", line 697, in _post
2025-10-25 07:41:46:     return await self._do_post(
2025-10-25 07:41:46:   File "/var/www/empiregames/app/venv/lib/python3.10/site-packages/telegram/ext/_extbot.py", line 369, in _do_post
2025-10-25 07:41:46:     return await super()._do_post(
2025-10-25 07:41:46:   File "/var/www/empiregames/app/venv/lib/python3.10/site-packages/telegram/_bot.py", line 726, in _do_post
2025-10-25 07:41:46:     result = await request.post(
2025-10-25 07:41:46:   File "/var/www/empiregames/app/venv/lib/python3.10/site-packages/telegram/request/_baserequest.py", line 197, in post
2025-10-25 07:41:46:     result = await self._request_wrapper(
2025-10-25 07:41:46:   File "/var/www/empiregames/app/venv/lib/python3.10/site-packages/telegram/request/_baserequest.py", line 374, in _request_wrapper
2025-10-25 07:41:46:     raise exception
2025-10-25 07:41:46: telegram.error.InvalidToken: Unauthorized
2025-10-25 07:41:46: 
2025-10-25 07:41:46: The above exception was the direct cause of the following exception:
2025-10-25 07:41:46: 
2025-10-25 07:41:46: Traceback (most recent call last):
2025-10-25 07:41:46:   File "/var/www/empiregames/app/venv/lib/python3.10/site-packages/telegram/ext/_utils/networkloop.py", line 115, in network_retry_loop
2025-10-25 07:41:46:     if not await do_action():
2025-10-25 07:41:46:   File "/var/www/empiregames/app/venv/lib/python3.10/site-packages/telegram/ext/_utils/networkloop.py", line 93, in do_action
2025-10-25 07:41:46:     return await action_cb()
2025-10-25 07:41:46:   File "/var/www/empiregames/app/venv/lib/python3.10/site-packages/telegram/ext/_application.py", line 487, in initialize
2025-10-25 07:41:46:     await self.bot.initialize()
2025-10-25 07:41:46:   File "/var/www/empiregames/app/venv/lib/python3.10/site-packages/telegram/ext/_extbot.py", line 315, in initialize
2025-10-25 07:41:46:     await super().initialize()
2025-10-25 07:41:46:   File "/var/www/empiregames/app/venv/lib/python3.10/site-packages/telegram/_bot.py", line 846, in initialize
2025-10-25 07:41:46:     raise InvalidToken(f"The token `{self._token}` was rejected by the server.") from exc
2025-10-25 07:41:46: telegram.error.InvalidToken: The token `8320136714:AAHvPGC8EvP7qiJGiak5EKnt0-qrzmmb4IA` was rejected by the server.
2025-10-25 07:41:46: ERROR:__main__:Error starting support bot: The token `8320136714:AAHvPGC8EvP7qiJGiak5EKnt0-qrzmmb4IA` was rejected by the server.
2025-10-25 07:41:52: python-dotenv could not parse statement starting at line 7
2025-10-25 07:41:52: python-dotenv could not parse statement starting at line 9
2025-10-25 07:41:53: INFO:__main__:Starting support bot...
2025-10-25 07:41:53: /var/www/empiregames/app/bot/support.py:1078: PTBUserWarning: If 'per_message=False', 'CallbackQueryHandler' will not be tracked for every message. Read this FAQ entry to learn more about the per_* settings: https://github.com/python-telegram-bot/python-telegram-bot/wiki/Frequently-Asked-Questions#what-do-the-per_-settings-in-conversationhandler-do.
2025-10-25 07:41:53:   search_conversation = ConversationHandler(
2025-10-25 07:41:53: INFO:httpx:HTTP Request: POST https://api.telegram.org/bot8320136714:AAHvPGC8EvP7qiJGiak5EKnt0-qrzmmb4IA/getMe "HTTP/1.1 401 Unauthorized"
2025-10-25 07:41:53: ERROR:telegram.ext:Network Retry Loop (Bootstrap Initialize Application): Invalid token. Aborting retry loop.
2025-10-25 07:41:53: Traceback (most recent call last):
2025-10-25 07:41:53:   File "/var/www/empiregames/app/venv/lib/python3.10/site-packages/telegram/_bot.py", line 844, in initialize
2025-10-25 07:41:53:     await self.get_me()
2025-10-25 07:41:53:   File "/var/www/empiregames/app/venv/lib/python3.10/site-packages/telegram/ext/_extbot.py", line 1980, in get_me
2025-10-25 07:41:53:     return await super().get_me(
2025-10-25 07:41:53:   File "/var/www/empiregames/app/venv/lib/python3.10/site-packages/telegram/_bot.py", line 975, in get_me
2025-10-25 07:41:53:     result = await self._post(
2025-10-25 07:41:53:   File "/var/www/empiregames/app/venv/lib/python3.10/site-packages/telegram/_bot.py", line 697, in _post
2025-10-25 07:41:53:     return await self._do_post(
2025-10-25 07:41:53:   File "/var/www/empiregames/app/venv/lib/python3.10/site-packages/telegram/ext/_extbot.py", line 369, in _do_post
2025-10-25 07:41:53:     return await super()._do_post(
2025-10-25 07:41:53:   File "/var/www/empiregames/app/venv/lib/python3.10/site-packages/telegram/_bot.py", line 726, in _do_post
2025-10-25 07:41:53:     result = await request.post(
2025-10-25 07:41:53:   File "/var/www/empiregames/app/venv/lib/python3.10/site-packages/telegram/request/_baserequest.py", line 197, in post
2025-10-25 07:41:53:     result = await self._request_wrapper(
2025-10-25 07:41:53:   File "/var/www/empiregames/app/venv/lib/python3.10/site-packages/telegram/request/_baserequest.py", line 374, in _request_wrapper
2025-10-25 07:41:53:     raise exception
2025-10-25 07:41:53: telegram.error.InvalidToken: Unauthorized
2025-10-25 07:41:53: 
2025-10-25 07:41:53: The above exception was the direct cause of the following exception:
2025-10-25 07:41:53: 
2025-10-25 07:41:53: Traceback (most recent call last):
2025-10-25 07:41:53:   File "/var/www/empiregames/app/venv/lib/python3.10/site-packages/telegram/ext/_utils/networkloop.py", line 115, in network_retry_loop
2025-10-25 07:41:53:     if not await do_action():
2025-10-25 07:41:53:   File "/var/www/empiregames/app/venv/lib/python3.10/site-packages/telegram/ext/_utils/networkloop.py", line 93, in do_action
2025-10-25 07:41:53:     return await action_cb()
2025-10-25 07:41:53:   File "/var/www/empiregames/app/venv/lib/python3.10/site-packages/telegram/ext/_application.py", line 487, in initialize
2025-10-25 07:41:53:     await self.bot.initialize()
2025-10-25 07:41:53:   File "/var/www/empiregames/app/venv/lib/python3.10/site-packages/telegram/ext/_extbot.py", line 315, in initialize
2025-10-25 07:41:53:     await super().initialize()
2025-10-25 07:41:53:   File "/var/www/empiregames/app/venv/lib/python3.10/site-packages/telegram/_bot.py", line 846, in initialize
2025-10-25 07:41:53:     raise InvalidToken(f"The token `{self._token}` was rejected by the server.") from exc
2025-10-25 07:41:53: telegram.error.InvalidToken: The token `8320136714:AAHvPGC8EvP7qiJGiak5EKnt0-qrzmmb4IA` was rejected by the server.
2025-10-25 07:41:53: ERROR:__main__:Error starting support bot: The token `8320136714:AAHvPGC8EvP7qiJGiak5EKnt0-qrzmmb4IA` was rejected by the server.
2025-10-25 07:41:59: python-dotenv could not parse statement starting at line 7
2025-10-25 07:41:59: python-dotenv could not parse statement starting at line 9
2025-10-25 07:41:59: INFO:__main__:Starting support bot...
2025-10-25 07:41:59: /var/www/empiregames/app/bot/support.py:1078: PTBUserWarning: If 'per_message=False', 'CallbackQueryHandler' will not be tracked for every message. Read this FAQ entry to learn more about the per_* settings: https://github.com/python-telegram-bot/python-telegram-bot/wiki/Frequently-Asked-Questions#what-do-the-per_-settings-in-conversationhandler-do.
2025-10-25 07:41:59:   search_conversation = ConversationHandler(
2025-10-25 07:42:00: INFO:httpx:HTTP Request: POST https://api.telegram.org/bot8320136714:AAHvPGC8EvP7qiJGiak5EKnt0-qrzmmb4IA/getMe "HTTP/1.1 401 Unauthorized"
2025-10-25 07:42:00: ERROR:telegram.ext:Network Retry Loop (Bootstrap Initialize Application): Invalid token. Aborting retry loop.
2025-10-25 07:42:00: Traceback (most recent call last):
2025-10-25 07:42:00:   File "/var/www/empiregames/app/venv/lib/python3.10/site-packages/telegram/_bot.py", line 844, in initialize
2025-10-25 07:42:00:     await self.get_me()
2025-10-25 07:42:00:   File "/var/www/empiregames/app/venv/lib/python3.10/site-packages/telegram/ext/_extbot.py", line 1980, in get_me
2025-10-25 07:42:00:     return await super().get_me(
2025-10-25 07:42:00:   File "/var/www/empiregames/app/venv/lib/python3.10/site-packages/telegram/_bot.py", line 975, in get_me
2025-10-25 07:42:00:     result = await self._post(
2025-10-25 07:42:00:   File "/var/www/empiregames/app/venv/lib/python3.10/site-packages/telegram/_bot.py", line 697, in _post
2025-10-25 07:42:00:     return await self._do_post(
2025-10-25 07:42:00:   File "/var/www/empiregames/app/venv/lib/python3.10/site-packages/telegram/ext/_extbot.py", line 369, in _do_post
2025-10-25 07:42:00:     return await super()._do_post(
2025-10-25 07:42:00:   File "/var/www/empiregames/app/venv/lib/python3.10/site-packages/telegram/_bot.py", line 726, in _do_post
2025-10-25 07:42:00:     result = await request.post(
2025-10-25 07:42:00:   File "/var/www/empiregames/app/venv/lib/python3.10/site-packages/telegram/request/_baserequest.py", line 197, in post
2025-10-25 07:42:00:     result = await self._request_wrapper(
2025-10-25 07:42:00:   File "/var/www/empiregames/app/venv/lib/python3.10/site-packages/telegram/request/_baserequest.py", line 374, in _request_wrapper
2025-10-25 07:42:00:     raise exception
2025-10-25 07:42:00: telegram.error.InvalidToken: Unauthorized
2025-10-25 07:42:00: 
2025-10-25 07:42:00: The above exception was the direct cause of the following exception:
2025-10-25 07:42:00: 
2025-10-25 07:42:00: Traceback (most recent call last):
2025-10-25 07:42:00:   File "/var/www/empiregames/app/venv/lib/python3.10/site-packages/telegram/ext/_utils/networkloop.py", line 115, in network_retry_loop
2025-10-25 07:42:00:     if not await do_action():
2025-10-25 07:42:00:   File "/var/www/empiregames/app/venv/lib/python3.10/site-packages/telegram/ext/_utils/networkloop.py", line 93, in do_action
2025-10-25 07:42:00:     return await action_cb()
2025-10-25 07:42:00:   File "/var/www/empiregames/app/venv/lib/python3.10/site-packages/telegram/ext/_application.py", line 487, in initialize
2025-10-25 07:42:00:     await self.bot.initialize()
2025-10-25 07:42:00:   File "/var/www/empiregames/app/venv/lib/python3.10/site-packages/telegram/ext/_extbot.py", line 315, in initialize
2025-10-25 07:42:00:     await super().initialize()
2025-10-25 07:42:00:   File "/var/www/empiregames/app/venv/lib/python3.10/site-packages/telegram/_bot.py", line 846, in initialize
2025-10-25 07:42:00:     raise InvalidToken(f"The token `{self._token}` was rejected by the server.") from exc
2025-10-25 07:42:00: telegram.error.InvalidToken: The token `8320136714:AAHvPGC8EvP7qiJGiak5EKnt0-qrzmmb4IA` was rejected by the server.
2025-10-25 07:42:00: ERROR:__main__:Error starting support bot: The token `8320136714:AAHvPGC8EvP7qiJGiak5EKnt0-qrzmmb4IA` was rejected by the server.
2025-10-25 07:42:06: python-dotenv could not parse statement starting at line 7
2025-10-25 07:42:06: python-dotenv could not parse statement starting at line 9
2025-10-25 07:42:06: INFO:__main__:Starting support bot...
2025-10-25 07:42:06: /var/www/empiregames/app/bot/support.py:1078: PTBUserWarning: If 'per_message=False', 'CallbackQueryHandler' will not be tracked for every message. Read this FAQ entry to learn more about the per_* settings: https://github.com/python-telegram-bot/python-telegram-bot/wiki/Frequently-Asked-Questions#what-do-the-per_-settings-in-conversationhandler-do.
2025-10-25 07:42:06:   search_conversation = ConversationHandler(
2025-10-25 07:42:06: INFO:httpx:HTTP Request: POST https://api.telegram.org/bot8320136714:AAHvPGC8EvP7qiJGiak5EKnt0-qrzmmb4IA/getMe "HTTP/1.1 401 Unauthorized"
2025-10-25 07:42:06: ERROR:telegram.ext:Network Retry Loop (Bootstrap Initialize Application): Invalid token. Aborting retry loop.
2025-10-25 07:42:06: Traceback (most recent call last):
2025-10-25 07:42:06:   File "/var/www/empiregames/app/venv/lib/python3.10/site-packages/telegram/_bot.py", line 844, in initialize
2025-10-25 07:42:06:     await self.get_me()
2025-10-25 07:42:06:   File "/var/www/empiregames/app/venv/lib/python3.10/site-packages/telegram/ext/_extbot.py", line 1980, in get_me
2025-10-25 07:42:06:     return await super().get_me(
2025-10-25 07:42:06:   File "/var/www/empiregames/app/venv/lib/python3.10/site-packages/telegram/_bot.py", line 975, in get_me
2025-10-25 07:42:06:     result = await self._post(
2025-10-25 07:42:06:   File "/var/www/empiregames/app/venv/lib/python3.10/site-packages/telegram/_bot.py", line 697, in _post
2025-10-25 07:42:06:     return await self._do_post(
2025-10-25 07:42:06:   File "/var/www/empiregames/app/venv/lib/python3.10/site-packages/telegram/ext/_extbot.py", line 369, in _do_post
2025-10-25 07:42:06:     return await super()._do_post(
2025-10-25 07:42:06:   File "/var/www/empiregames/app/venv/lib/python3.10/site-packages/telegram/_bot.py", line 726, in _do_post
2025-10-25 07:42:06:     result = await request.post(
2025-10-25 07:42:06:   File "/var/www/empiregames/app/venv/lib/python3.10/site-packages/telegram/request/_baserequest.py", line 197, in post
2025-10-25 07:42:06:     result = await self._request_wrapper(
2025-10-25 07:42:06:   File "/var/www/empiregames/app/venv/lib/python3.10/site-packages/telegram/request/_baserequest.py", line 374, in _request_wrapper
2025-10-25 07:42:06:     raise exception
2025-10-25 07:42:06: telegram.error.InvalidToken: Unauthorized
2025-10-25 07:42:06: 
2025-10-25 07:42:06: The above exception was the direct cause of the following exception:
2025-10-25 07:42:06: 
2025-10-25 07:42:06: Traceback (most recent call last):
2025-10-25 07:42:06:   File "/var/www/empiregames/app/venv/lib/python3.10/site-packages/telegram/ext/_utils/networkloop.py", line 115, in network_retry_loop
2025-10-25 07:42:06:     if not await do_action():
2025-10-25 07:42:06:   File "/var/www/empiregames/app/venv/lib/python3.10/site-packages/telegram/ext/_utils/networkloop.py", line 93, in do_action
2025-10-25 07:42:06:     return await action_cb()
2025-10-25 07:42:06:   File "/var/www/empiregames/app/venv/lib/python3.10/site-packages/telegram/ext/_application.py", line 487, in initialize
2025-10-25 07:42:06:     await self.bot.initialize()
2025-10-25 07:42:06:   File "/var/www/empiregames/app/venv/lib/python3.10/site-packages/telegram/ext/_extbot.py", line 315, in initialize
2025-10-25 07:42:06:     await super().initialize()
2025-10-25 07:42:06:   File "/var/www/empiregames/app/venv/lib/python3.10/site-packages/telegram/_bot.py", line 846, in initialize
2025-10-25 07:42:06:     raise InvalidToken(f"The token `{self._token}` was rejected by the server.") from exc
2025-10-25 07:42:06: telegram.error.InvalidToken: The token `8320136714:AAHvPGC8EvP7qiJGiak5EKnt0-qrzmmb4IA` was rejected by the server.
2025-10-25 07:42:06: ERROR:__main__:Error starting support bot: The token `8320136714:AAHvPGC8EvP7qiJGiak5EKnt0-qrzmmb4IA` was rejected by the server.
2025-10-25 07:48:23: python-dotenv could not parse statement starting at line 7
2025-10-25 07:48:23: python-dotenv could not parse statement starting at line 9
2025-10-25 07:48:24: INFO:__main__:Starting support bot...
2025-10-25 07:48:25: /var/www/empiregames/app/bot/support.py:1078: PTBUserWarning: If 'per_message=False', 'CallbackQueryHandler' will not be tracked for every message. Read this FAQ entry to learn more about the per_* settings: https://github.com/python-telegram-bot/python-telegram-bot/wiki/Frequently-Asked-Questions#what-do-the-per_-settings-in-conversationhandler-do.
2025-10-25 07:48:25:   search_conversation = ConversationHandler(
2025-10-25 07:48:27: INFO:httpx:HTTP Request: POST https://api.telegram.org/bot8154094611:AAFF2uibjzso6VHqGkgEtf17l1L7MnOZ1nY/getMe "HTTP/1.1 200 OK"
2025-10-25 07:48:27: INFO:httpx:HTTP Request: POST https://api.telegram.org/bot8154094611:AAFF2uibjzso6VHqGkgEtf17l1L7MnOZ1nY/setMyCommands "HTTP/1.1 200 OK"
2025-10-25 07:48:27: INFO:httpx:HTTP Request: POST https://api.telegram.org/bot8154094611:AAFF2uibjzso6VHqGkgEtf17l1L7MnOZ1nY/deleteWebhook "HTTP/1.1 200 OK"
2025-10-25 07:48:27: INFO:apscheduler.scheduler:Scheduler started
2025-10-25 07:48:27: INFO:telegram.ext.Application:Application started
2025-10-25 07:48:38: INFO:httpx:HTTP Request: POST https://api.telegram.org/bot8154094611:AAFF2uibjzso6VHqGkgEtf17l1L7MnOZ1nY/getUpdates "HTTP/1.1 200 OK"
2025-10-25 07:48:40: INFO:httpx:HTTP Request: POST https://api.telegram.org/bot8154094611:AAFF2uibjzso6VHqGkgEtf17l1L7MnOZ1nY/getUpdates "HTTP/1.1 200 OK"
2025-10-25 07:48:40: INFO:httpx:HTTP Request: POST https://api.telegram.org/bot8154094611:AAFF2uibjzso6VHqGkgEtf17l1L7MnOZ1nY/sendMessage "HTTP/1.1 200 OK"
2025-10-25 07:48:42: INFO:httpx:HTTP Request: POST https://api.telegram.org/bot8154094611:AAFF2uibjzso6VHqGkgEtf17l1L7MnOZ1nY/getUpdates "HTTP/1.1 200 OK"
2025-10-25 07:48:42: INFO:httpx:HTTP Request: POST https://api.telegram.org/bot8154094611:AAFF2uibjzso6VHqGkgEtf17l1L7MnOZ1nY/answerCallbackQuery "HTTP/1.1 200 OK"
2025-10-25 07:48:42: INFO:__main__:🔐 Login attempt for telegram_id: 1464395537
2025-10-25 07:48:42: INFO:__main__:🔍 Looking for user with telegram_id: 1464395537
2025-10-25 07:48:42: INFO:__main__:✅ Found user: adaa_alepo (ID: 1)
2025-10-25 07:48:42: INFO:__main__:✅ User adaa_alepo logged in successfully
2025-10-25 07:48:42: INFO:httpx:HTTP Request: POST https://api.telegram.org/bot8154094611:AAFF2uibjzso6VHqGkgEtf17l1L7MnOZ1nY/sendMessage "HTTP/1.1 200 OK"
2025-10-25 07:48:44: INFO:httpx:HTTP Request: POST https://api.telegram.org/bot8154094611:AAFF2uibjzso6VHqGkgEtf17l1L7MnOZ1nY/getUpdates "HTTP/1.1 200 OK"
2025-10-25 07:48:44: INFO:httpx:HTTP Request: POST https://api.telegram.org/bot8154094611:AAFF2uibjzso6VHqGkgEtf17l1L7MnOZ1nY/answerCallbackQuery "HTTP/1.1 200 OK"
2025-10-25 07:48:44: INFO:httpx:HTTP Request: POST https://api.telegram.org/bot8154094611:AAFF2uibjzso6VHqGkgEtf17l1L7MnOZ1nY/sendMessage "HTTP/1.1 200 OK"
2025-10-25 07:48:46: INFO:httpx:HTTP Request: POST https://api.telegram.org/bot8154094611:AAFF2uibjzso6VHqGkgEtf17l1L7MnOZ1nY/getUpdates "HTTP/1.1 200 OK"
2025-10-25 07:48:46: INFO:httpx:HTTP Request: POST https://api.telegram.org/bot8154094611:AAFF2uibjzso6VHqGkgEtf17l1L7MnOZ1nY/answerCallbackQuery "HTTP/1.1 200 OK"
2025-10-25 07:48:46: INFO:__main__:🔍 view_pending_requests called - fetching ALL pending requests
2025-10-25 07:48:46: INFO:__main__:🔍 Fetching all pending withdrawal requests...
2025-10-25 07:48:46: INFO:__main__:📊 Found 0 pending withdrawal requests
2025-10-25 07:48:46: INFO:__main__:📊 Retrieved 0 total pending requests
2025-10-25 07:48:46: INFO:__main__:📝 No requests found for current page
2025-10-25 07:48:46: INFO:httpx:HTTP Request: POST https://api.telegram.org/bot8154094611:AAFF2uibjzso6VHqGkgEtf17l1L7MnOZ1nY/sendMessage "HTTP/1.1 200 OK"
2025-10-25 07:48:56: INFO:httpx:HTTP Request: POST https://api.telegram.org/bot8154094611:AAFF2uibjzso6VHqGkgEtf17l1L7MnOZ1nY/getUpdates "HTTP/1.1 200 OK"
2025-10-25 07:49:06: INFO:httpx:HTTP Request: POST https://api.telegram.org/bot8154094611:AAFF2uibjzso6VHqGkgEtf17l1L7MnOZ1nY/getUpdates "HTTP/1.1 200 OK"
2025-10-25 07:49:16: INFO:httpx:HTTP Request: POST https://api.telegram.org/bot8154094611:AAFF2uibjzso6VHqGkgEtf17l1L7MnOZ1nY/getUpdates "HTTP/1.1 200 OK"
2025-10-25 07:49:26: INFO:httpx:HTTP Request: POST https://api.telegram.org/bot8154094611:AAFF2uibjzso6VHqGkgEtf17l1L7MnOZ1nY/getUpdates "HTTP/1.1 200 OK"
2025-10-25 07:49:36: INFO:httpx:HTTP Request: POST https://api.telegram.org/bot8154094611:AAFF2uibjzso6VHqGkgEtf17l1L7MnOZ1nY/getUpdates "HTTP/1.1 200 OK"
2025-10-25 07:49:46: INFO:httpx:HTTP Request: POST https://api.telegram.org/bot8154094611:AAFF2uibjzso6VHqGkgEtf17l1L7MnOZ1nY/getUpdates "HTTP/1.1 200 OK"
2025-10-25 07:49:56: INFO:httpx:HTTP Request: POST https://api.telegram.org/bot8154094611:AAFF2uibjzso6VHqGkgEtf17l1L7MnOZ1nY/getUpdates "HTTP/1.1 200 OK"
2025-10-25 07:50:06: INFO:httpx:HTTP Request: POST https://api.telegram.org/bot8154094611:AAFF2uibjzso6VHqGkgEtf17l1L7MnOZ1nY/getUpdates "HTTP/1.1 200 OK"
2025-10-25 07:50:16: INFO:httpx:HTTP Request: POST https://api.telegram.org/bot8154094611:AAFF2uibjzso6VHqGkgEtf17l1L7MnOZ1nY/getUpdates "HTTP/1.1 200 OK"
2025-10-25 07:50:26: INFO:httpx:HTTP Request: POST https://api.telegram.org/bot8154094611:AAFF2uibjzso6VHqGkgEtf17l1L7MnOZ1nY/getUpdates "HTTP/1.1 200 OK"
2025-10-25 07:50:36: INFO:httpx:HTTP Request: POST https://api.telegram.org/bot8154094611:AAFF2uibjzso6VHqGkgEtf17l1L7MnOZ1nY/getUpdates "HTTP/1.1 200 OK"
2025-10-25 07:50:46: INFO:httpx:HTTP Request: POST https://api.telegram.org/bot8154094611:AAFF2uibjzso6VHqGkgEtf17l1L7MnOZ1nY/getUpdates "HTTP/1.1 200 OK"
2025-10-25 07:50:56: INFO:httpx:HTTP Request: POST https://api.telegram.org/bot8154094611:AAFF2uibjzso6VHqGkgEtf17l1L7MnOZ1nY/getUpdates "HTTP/1.1 200 OK"
2025-10-25 07:51:06: INFO:httpx:HTTP Request: POST https://api.telegram.org/bot8154094611:AAFF2uibjzso6VHqGkgEtf17l1L7MnOZ1nY/getUpdates "HTTP/1.1 200 OK"
2025-10-25 07:51:16: INFO:httpx:HTTP Request: POST https://api.telegram.org/bot8154094611:AAFF2uibjzso6VHqGkgEtf17l1L7MnOZ1nY/getUpdates "HTTP/1.1 200 OK"
2025-10-25 07:51:26: INFO:httpx:HTTP Request: POST https://api.telegram.org/bot8154094611:AAFF2uibjzso6VHqGkgEtf17l1L7MnOZ1nY/getUpdates "HTTP/1.1 200 OK"
2025-10-25 07:51:36: INFO:httpx:HTTP Request: POST https://api.telegram.org/bot8154094611:AAFF2uibjzso6VHqGkgEtf17l1L7MnOZ1nY/getUpdates "HTTP/1.1 200 OK"
2025-10-25 07:51:46: INFO:httpx:HTTP Request: POST https://api.telegram.org/bot8154094611:AAFF2uibjzso6VHqGkgEtf17l1L7MnOZ1nY/getUpdates "HTTP/1.1 200 OK"
2025-10-25 07:51:56: INFO:httpx:HTTP Request: POST https://api.telegram.org/bot8154094611:AAFF2uibjzso6VHqGkgEtf17l1L7MnOZ1nY/getUpdates "HTTP/1.1 200 OK"
2025-10-25 07:52:06: INFO:httpx:HTTP Request: POST https://api.telegram.org/bot8154094611:AAFF2uibjzso6VHqGkgEtf17l1L7MnOZ1nY/getUpdates "HTTP/1.1 200 OK"
2025-10-25 07:52:16: INFO:httpx:HTTP Request: POST https://api.telegram.org/bot8154094611:AAFF2uibjzso6VHqGkgEtf17l1L7MnOZ1nY/getUpdates "HTTP/1.1 200 OK"
2025-10-25 07:52:26: INFO:httpx:HTTP Request: POST https://api.telegram.org/bot8154094611:AAFF2uibjzso6VHqGkgEtf17l1L7MnOZ1nY/getUpdates "HTTP/1.1 200 OK"
2025-10-25 07:52:37: INFO:httpx:HTTP Request: POST https://api.telegram.org/bot8154094611:AAFF2uibjzso6VHqGkgEtf17l1L7MnOZ1nY/getUpdates "HTTP/1.1 200 OK"
2025-10-25 07:52:47: INFO:httpx:HTTP Request: POST https://api.telegram.org/bot8154094611:AAFF2uibjzso6VHqGkgEtf17l1L7MnOZ1nY/getUpdates "HTTP/1.1 200 OK"
2025-10-25 07:52:57: INFO:httpx:HTTP Request: POST https://api.telegram.org/bot8154094611:AAFF2uibjzso6VHqGkgEtf17l1L7MnOZ1nY/getUpdates "HTTP/1.1 200 OK"
2025-10-25 07:53:07: INFO:httpx:HTTP Request: POST https://api.telegram.org/bot8154094611:AAFF2uibjzso6VHqGkgEtf17l1L7MnOZ1nY/getUpdates "HTTP/1.1 200 OK"
2025-10-25 07:53:17: INFO:httpx:HTTP Request: POST https://api.telegram.org/bot8154094611:AAFF2uibjzso6VHqGkgEtf17l1L7MnOZ1nY/getUpdates "HTTP/1.1 200 OK"
2025-10-25 07:53:27: INFO:httpx:HTTP Request: POST https://api.telegram.org/bot8154094611:AAFF2uibjzso6VHqGkgEtf17l1L7MnOZ1nY/getUpdates "HTTP/1.1 200 OK"
2025-10-25 07:53:37: INFO:httpx:HTTP Request: POST https://api.telegram.org/bot8154094611:AAFF2uibjzso6VHqGkgEtf17l1L7MnOZ1nY/getUpdates "HTTP/1.1 200 OK"
2025-10-25 07:53:47: INFO:httpx:HTTP Request: POST https://api.telegram.org/bot8154094611:AAFF2uibjzso6VHqGkgEtf17l1L7MnOZ1nY/getUpdates "HTTP/1.1 200 OK"
2025-10-25 07:53:57: INFO:httpx:HTTP Request: POST https://api.telegram.org/bot8154094611:AAFF2uibjzso6VHqGkgEtf17l1L7MnOZ1nY/getUpdates "HTTP/1.1 200 OK"
2025-10-25 07:54:07: INFO:httpx:HTTP Request: POST https://api.telegram.org/bot8154094611:AAFF2uibjzso6VHqGkgEtf17l1L7MnOZ1nY/getUpdates "HTTP/1.1 200 OK"
2025-10-25 07:54:17: INFO:httpx:HTTP Request: POST https://api.telegram.org/bot8154094611:AAFF2uibjzso6VHqGkgEtf17l1L7MnOZ1nY/getUpdates "HTTP/1.1 200 OK"
2025-10-25 07:54:27: INFO:httpx:HTTP Request: POST https://api.telegram.org/bot8154094611:AAFF2uibjzso6VHqGkgEtf17l1L7MnOZ1nY/getUpdates "HTTP/1.1 200 OK"
2025-10-25 07:54:37: INFO:httpx:HTTP Request: POST https://api.telegram.org/bot8154094611:AAFF2uibjzso6VHqGkgEtf17l1L7MnOZ1nY/getUpdates "HTTP/1.1 200 OK"
2025-10-25 07:54:47: INFO:httpx:HTTP Request: POST https://api.telegram.org/bot8154094611:AAFF2uibjzso6VHqGkgEtf17l1L7MnOZ1nY/getUpdates "HTTP/1.1 200 OK"
2025-10-25 07:54:57: INFO:httpx:HTTP Request: POST https://api.telegram.org/bot8154094611:AAFF2uibjzso6VHqGkgEtf17l1L7MnOZ1nY/getUpdates "HTTP/1.1 200 OK"
2025-10-25 07:55:07: INFO:httpx:HTTP Request: POST https://api.telegram.org/bot8154094611:AAFF2uibjzso6VHqGkgEtf17l1L7MnOZ1nY/getUpdates "HTTP/1.1 200 OK"
2025-10-25 07:55:17: INFO:httpx:HTTP Request: POST https://api.telegram.org/bot8154094611:AAFF2uibjzso6VHqGkgEtf17l1L7MnOZ1nY/getUpdates "HTTP/1.1 200 OK"
2025-10-25 07:55:27: INFO:httpx:HTTP Request: POST https://api.telegram.org/bot8154094611:AAFF2uibjzso6VHqGkgEtf17l1L7MnOZ1nY/getUpdates "HTTP/1.1 200 OK"
2025-10-25 07:55:37: INFO:httpx:HTTP Request: POST https://api.telegram.org/bot8154094611:AAFF2uibjzso6VHqGkgEtf17l1L7MnOZ1nY/getUpdates "HTTP/1.1 200 OK"
2025-10-25 07:55:47: INFO:httpx:HTTP Request: POST https://api.telegram.org/bot8154094611:AAFF2uibjzso6VHqGkgEtf17l1L7MnOZ1nY/getUpdates "HTTP/1.1 200 OK"
2025-10-25 07:55:57: INFO:httpx:HTTP Request: POST https://api.telegram.org/bot8154094611:AAFF2uibjzso6VHqGkgEtf17l1L7MnOZ1nY/getUpdates "HTTP/1.1 200 OK"
2025-10-25 07:56:07: INFO:httpx:HTTP Request: POST https://api.telegram.org/bot8154094611:AAFF2uibjzso6VHqGkgEtf17l1L7MnOZ1nY/getUpdates "HTTP/1.1 200 OK"
2025-10-25 07:56:17: INFO:httpx:HTTP Request: POST https://api.telegram.org/bot8154094611:AAFF2uibjzso6VHqGkgEtf17l1L7MnOZ1nY/getUpdates "HTTP/1.1 200 OK"
2025-10-25 07:56:27: INFO:httpx:HTTP Request: POST https://api.telegram.org/bot8154094611:AAFF2uibjzso6VHqGkgEtf17l1L7MnOZ1nY/getUpdates "HTTP/1.1 200 OK"
2025-10-25 07:56:37: INFO:httpx:HTTP Request: POST https://api.telegram.org/bot8154094611:AAFF2uibjzso6VHqGkgEtf17l1L7MnOZ1nY/getUpdates "HTTP/1.1 200 OK"
2025-10-25 07:56:47: INFO:httpx:HTTP Request: POST https://api.telegram.org/bot8154094611:AAFF2uibjzso6VHqGkgEtf17l1L7MnOZ1nY/getUpdates "HTTP/1.1 200 OK"
2025-10-25 07:56:57: INFO:httpx:HTTP Request: POST https://api.telegram.org/bot8154094611:AAFF2uibjzso6VHqGkgEtf17l1L7MnOZ1nY/getUpdates "HTTP/1.1 200 OK"
2025-10-25 07:57:07: INFO:httpx:HTTP Request: POST https://api.telegram.org/bot8154094611:AAFF2uibjzso6VHqGkgEtf17l1L7MnOZ1nY/getUpdates "HTTP/1.1 200 OK"
2025-10-25 07:57:17: INFO:httpx:HTTP Request: POST https://api.telegram.org/bot8154094611:AAFF2uibjzso6VHqGkgEtf17l1L7MnOZ1nY/getUpdates "HTTP/1.1 200 OK"
2025-10-25 07:57:27: INFO:httpx:HTTP Request: POST https://api.telegram.org/bot8154094611:AAFF2uibjzso6VHqGkgEtf17l1L7MnOZ1nY/getUpdates "HTTP/1.1 200 OK"
2025-10-25 07:57:37: INFO:httpx:HTTP Request: POST https://api.telegram.org/bot8154094611:AAFF2uibjzso6VHqGkgEtf17l1L7MnOZ1nY/getUpdates "HTTP/1.1 200 OK"
2025-10-25 07:57:47: INFO:httpx:HTTP Request: POST https://api.telegram.org/bot8154094611:AAFF2uibjzso6VHqGkgEtf17l1L7MnOZ1nY/getUpdates "HTTP/1.1 200 OK"
2025-10-25 07:57:57: INFO:httpx:HTTP Request: POST https://api.telegram.org/bot8154094611:AAFF2uibjzso6VHqGkgEtf17l1L7MnOZ1nY/getUpdates "HTTP/1.1 200 OK"
2025-10-25 07:58:07: INFO:httpx:HTTP Request: POST https://api.telegram.org/bot8154094611:AAFF2uibjzso6VHqGkgEtf17l1L7MnOZ1nY/getUpdates "HTTP/1.1 200 OK"
2025-10-25 07:58:17: INFO:httpx:HTTP Request: POST https://api.telegram.org/bot8154094611:AAFF2uibjzso6VHqGkgEtf17l1L7MnOZ1nY/getUpdates "HTTP/1.1 200 OK"
2025-10-25 07:58:27: INFO:httpx:HTTP Request: POST https://api.telegram.org/bot8154094611:AAFF2uibjzso6VHqGkgEtf17l1L7MnOZ1nY/getUpdates "HTTP/1.1 200 OK"
2025-10-25 07:58:37: INFO:httpx:HTTP Request: POST https://api.telegram.org/bot8154094611:AAFF2uibjzso6VHqGkgEtf17l1L7MnOZ1nY/getUpdates "HTTP/1.1 200 OK"
2025-10-25 07:58:47: INFO:httpx:HTTP Request: POST https://api.telegram.org/bot8154094611:AAFF2uibjzso6VHqGkgEtf17l1L7MnOZ1nY/getUpdates "HTTP/1.1 200 OK"
2025-10-25 07:58:57: INFO:httpx:HTTP Request: POST https://api.telegram.org/bot8154094611:AAFF2uibjzso6VHqGkgEtf17l1L7MnOZ1nY/getUpdates "HTTP/1.1 200 OK"
2025-10-25 07:59:07: INFO:httpx:HTTP Request: POST https://api.telegram.org/bot8154094611:AAFF2uibjzso6VHqGkgEtf17l1L7MnOZ1nY/getUpdates "HTTP/1.1 200 OK"
2025-10-25 07:59:17: INFO:httpx:HTTP Request: POST https://api.telegram.org/bot8154094611:AAFF2uibjzso6VHqGkgEtf17l1L7MnOZ1nY/getUpdates "HTTP/1.1 200 OK"
2025-10-25 07:59:27: INFO:httpx:HTTP Request: POST https://api.telegram.org/bot8154094611:AAFF2uibjzso6VHqGkgEtf17l1L7MnOZ1nY/getUpdates "HTTP/1.1 200 OK"
2025-10-25 07:59:37: INFO:httpx:HTTP Request: POST https://api.telegram.org/bot8154094611:AAFF2uibjzso6VHqGkgEtf17l1L7MnOZ1nY/getUpdates "HTTP/1.1 200 OK"
2025-10-25 07:59:47: INFO:httpx:HTTP Request: POST https://api.telegram.org/bot8154094611:AAFF2uibjzso6VHqGkgEtf17l1L7MnOZ1nY/getUpdates "HTTP/1.1 200 OK"
2025-10-25 07:59:57: INFO:httpx:HTTP Request: POST https://api.telegram.org/bot8154094611:AAFF2uibjzso6VHqGkgEtf17l1L7MnOZ1nY/getUpdates "HTTP/1.1 200 OK"
2025-10-25 08:00:07: INFO:httpx:HTTP Request: POST https://api.telegram.org/bot8154094611:AAFF2uibjzso6VHqGkgEtf17l1L7MnOZ1nY/getUpdates "HTTP/1.1 200 OK"
2025-10-25 08:00:18: INFO:httpx:HTTP Request: POST https://api.telegram.org/bot8154094611:AAFF2uibjzso6VHqGkgEtf17l1L7MnOZ1nY/getUpdates "HTTP/1.1 200 OK"
2025-10-25 08:00:28: INFO:httpx:HTTP Request: POST https://api.telegram.org/bot8154094611:AAFF2uibjzso6VHqGkgEtf17l1L7MnOZ1nY/getUpdates "HTTP/1.1 200 OK"
2025-10-25 08:00:38: INFO:httpx:HTTP Request: POST https://api.telegram.org/bot8154094611:AAFF2uibjzso6VHqGkgEtf17l1L7MnOZ1nY/getUpdates "HTTP/1.1 200 OK"
2025-10-25 08:00:48: INFO:httpx:HTTP Request: POST https://api.telegram.org/bot8154094611:AAFF2uibjzso6VHqGkgEtf17l1L7MnOZ1nY/getUpdates "HTTP/1.1 200 OK"
2025-10-25 08:00:58: INFO:httpx:HTTP Request: POST https://api.telegram.org/bot8154094611:AAFF2uibjzso6VHqGkgEtf17l1L7MnOZ1nY/getUpdates "HTTP/1.1 200 OK"
2025-10-25 08:01:08: INFO:httpx:HTTP Request: POST https://api.telegram.org/bot8154094611:AAFF2uibjzso6VHqGkgEtf17l1L7MnOZ1nY/getUpdates "HTTP/1.1 200 OK"
2025-10-25 08:01:18: INFO:httpx:HTTP Request: POST https://api.telegram.org/bot8154094611:AAFF2uibjzso6VHqGkgEtf17l1L7MnOZ1nY/getUpdates "HTTP/1.1 200 OK"
2025-10-25 08:01:28: INFO:httpx:HTTP Request: POST https://api.telegram.org/bot8154094611:AAFF2uibjzso6VHqGkgEtf17l1L7MnOZ1nY/getUpdates "HTTP/1.1 200 OK"
2025-10-25 08:01:38: INFO:httpx:HTTP Request: POST https://api.telegram.org/bot8154094611:AAFF2uibjzso6VHqGkgEtf17l1L7MnOZ1nY/getUpdates "HTTP/1.1 200 OK"
2025-10-25 08:01:41: INFO:httpx:HTTP Request: POST https://api.telegram.org/bot8154094611:AAFF2uibjzso6VHqGkgEtf17l1L7MnOZ1nY/getUpdates "HTTP/1.1 200 OK"
2025-10-25 08:01:41: INFO:httpx:HTTP Request: POST https://api.telegram.org/bot8154094611:AAFF2uibjzso6VHqGkgEtf17l1L7MnOZ1nY/sendMessage "HTTP/1.1 200 OK"
2025-10-25 08:01:44: INFO:httpx:HTTP Request: POST https://api.telegram.org/bot8154094611:AAFF2uibjzso6VHqGkgEtf17l1L7MnOZ1nY/getUpdates "HTTP/1.1 200 OK"
2025-10-25 08:01:44: INFO:httpx:HTTP Request: POST https://api.telegram.org/bot8154094611:AAFF2uibjzso6VHqGkgEtf17l1L7MnOZ1nY/answerCallbackQuery "HTTP/1.1 200 OK"
2025-10-25 08:01:44: INFO:__main__:🔍 Getting transactions for telegram_id: 1464395537
2025-10-25 08:01:44: INFO:__main__:📊 Found 10 transactions for adaa_alepo
2025-10-25 08:01:44: INFO:httpx:HTTP Request: POST https://api.telegram.org/bot8154094611:AAFF2uibjzso6VHqGkgEtf17l1L7MnOZ1nY/sendMessage "HTTP/1.1 200 OK"
2025-10-25 08:01:54: INFO:httpx:HTTP Request: POST https://api.telegram.org/bot8154094611:AAFF2uibjzso6VHqGkgEtf17l1L7MnOZ1nY/getUpdates "HTTP/1.1 200 OK"
2025-10-25 08:01:54: INFO:httpx:HTTP Request: POST https://api.telegram.org/bot8154094611:AAFF2uibjzso6VHqGkgEtf17l1L7MnOZ1nY/sendMessage "HTTP/1.1 200 OK"
2025-10-25 08:02:01: INFO:httpx:HTTP Request: POST https://api.telegram.org/bot8154094611:AAFF2uibjzso6VHqGkgEtf17l1L7MnOZ1nY/getUpdates "HTTP/1.1 200 OK"
2025-10-25 08:02:01: INFO:httpx:HTTP Request: POST https://api.telegram.org/bot8154094611:AAFF2uibjzso6VHqGkgEtf17l1L7MnOZ1nY/sendMessage "HTTP/1.1 200 OK"
2025-10-25 08:02:05: INFO:httpx:HTTP Request: POST https://api.telegram.org/bot8154094611:AAFF2uibjzso6VHqGkgEtf17l1L7MnOZ1nY/getUpdates "HTTP/1.1 200 OK"
2025-10-25 08:02:05: INFO:httpx:HTTP Request: POST https://api.telegram.org/bot8154094611:AAFF2uibjzso6VHqGkgEtf17l1L7MnOZ1nY/sendMessage "HTTP/1.1 200 OK"
2025-10-25 08:02:08: INFO:httpx:HTTP Request: POST https://api.telegram.org/bot8154094611:AAFF2uibjzso6VHqGkgEtf17l1L7MnOZ1nY/getUpdates "HTTP/1.1 200 OK"
2025-10-25 08:02:08: INFO:httpx:HTTP Request: POST https://api.telegram.org/bot8154094611:AAFF2uibjzso6VHqGkgEtf17l1L7MnOZ1nY/answerCallbackQuery "HTTP/1.1 200 OK"
2025-10-25 08:02:08: INFO:__main__:🔍 view_pending_requests called - fetching ALL pending requests
2025-10-25 08:02:08: INFO:__main__:🔍 Fetching all pending withdrawal requests...
2025-10-25 08:02:08: INFO:__main__:📊 Found 0 pending withdrawal requests
2025-10-25 08:02:08: INFO:__main__:📊 Retrieved 0 total pending requests
2025-10-25 08:02:08: INFO:__main__:📝 No requests found for current page
2025-10-25 08:02:08: INFO:httpx:HTTP Request: POST https://api.telegram.org/bot8154094611:AAFF2uibjzso6VHqGkgEtf17l1L7MnOZ1nY/sendMessage "HTTP/1.1 200 OK"
2025-10-25 08:02:11: INFO:httpx:HTTP Request: POST https://api.telegram.org/bot8154094611:AAFF2uibjzso6VHqGkgEtf17l1L7MnOZ1nY/getUpdates "HTTP/1.1 200 OK"
2025-10-25 08:02:11: INFO:httpx:HTTP Request: POST https://api.telegram.org/bot8154094611:AAFF2uibjzso6VHqGkgEtf17l1L7MnOZ1nY/answerCallbackQuery "HTTP/1.1 200 OK"
2025-10-25 08:02:11: INFO:httpx:HTTP Request: POST https://api.telegram.org/bot8154094611:AAFF2uibjzso6VHqGkgEtf17l1L7MnOZ1nY/sendMessage "HTTP/1.1 200 OK"
2025-10-25 08:02:14: INFO:httpx:HTTP Request: POST https://api.telegram.org/bot8154094611:AAFF2uibjzso6VHqGkgEtf17l1L7MnOZ1nY/getUpdates "HTTP/1.1 200 OK"
2025-10-25 08:02:14: INFO:httpx:HTTP Request: POST https://api.telegram.org/bot8154094611:AAFF2uibjzso6VHqGkgEtf17l1L7MnOZ1nY/answerCallbackQuery "HTTP/1.1 200 OK"
2025-10-25 08:02:14: INFO:__main__:🔐 Login attempt for telegram_id: 1464395537
2025-10-25 08:02:14: INFO:__main__:🔍 Looking for user with telegram_id: 1464395537
2025-10-25 08:02:14: INFO:__main__:✅ Found user: adaa_alepo (ID: 1)
2025-10-25 08:02:14: INFO:__main__:✅ User adaa_alepo logged in successfully
2025-10-25 08:02:14: INFO:httpx:HTTP Request: POST https://api.telegram.org/bot8154094611:AAFF2uibjzso6VHqGkgEtf17l1L7MnOZ1nY/sendMessage "HTTP/1.1 200 OK"
2025-10-25 08:02:17: INFO:httpx:HTTP Request: POST https://api.telegram.org/bot8154094611:AAFF2uibjzso6VHqGkgEtf17l1L7MnOZ1nY/getUpdates "HTTP/1.1 200 OK"
2025-10-25 08:02:17: INFO:httpx:HTTP Request: POST https://api.telegram.org/bot8154094611:AAFF2uibjzso6VHqGkgEtf17l1L7MnOZ1nY/answerCallbackQuery "HTTP/1.1 200 OK"
2025-10-25 08:02:17: INFO:httpx:HTTP Request: POST https://api.telegram.org/bot8154094611:AAFF2uibjzso6VHqGkgEtf17l1L7MnOZ1nY/sendMessage "HTTP/1.1 200 OK"
2025-10-25 08:02:24: INFO:httpx:HTTP Request: POST https://api.telegram.org/bot8154094611:AAFF2uibjzso6VHqGkgEtf17l1L7MnOZ1nY/getUpdates "HTTP/1.1 200 OK"
2025-10-25 08:02:24: INFO:httpx:HTTP Request: POST https://api.telegram.org/bot8154094611:AAFF2uibjzso6VHqGkgEtf17l1L7MnOZ1nY/answerCallbackQuery "HTTP/1.1 200 OK"
2025-10-25 08:02:24: INFO:httpx:HTTP Request: POST https://api.telegram.org/bot8154094611:AAFF2uibjzso6VHqGkgEtf17l1L7MnOZ1nY/sendMessage "HTTP/1.1 200 OK"
2025-10-25 08:02:27: INFO:httpx:HTTP Request: POST https://api.telegram.org/bot8154094611:AAFF2uibjzso6VHqGkgEtf17l1L7MnOZ1nY/getUpdates "HTTP/1.1 200 OK"
2025-10-25 08:02:27: INFO:httpx:HTTP Request: POST https://api.telegram.org/bot8154094611:AAFF2uibjzso6VHqGkgEtf17l1L7MnOZ1nY/answerCallbackQuery "HTTP/1.1 200 OK"
2025-10-25 08:02:27: INFO:__main__:🔍 Getting transactions for telegram_id: 1464395537
2025-10-25 08:02:27: INFO:__main__:📊 Found 10 transactions for adaa_alepo
2025-10-25 08:02:27: INFO:httpx:HTTP Request: POST https://api.telegram.org/bot8154094611:AAFF2uibjzso6VHqGkgEtf17l1L7MnOZ1nY/sendMessage "HTTP/1.1 200 OK"
2025-10-25 08:02:37: INFO:httpx:HTTP Request: POST https://api.telegram.org/bot8154094611:AAFF2uibjzso6VHqGkgEtf17l1L7MnOZ1nY/getUpdates "HTTP/1.1 200 OK"
2025-10-25 08:02:47: INFO:httpx:HTTP Request: POST https://api.telegram.org/bot8154094611:AAFF2uibjzso6VHqGkgEtf17l1L7MnOZ1nY/getUpdates "HTTP/1.1 200 OK"
2025-10-25 08:02:57: INFO:httpx:HTTP Request: POST https://api.telegram.org/bot8154094611:AAFF2uibjzso6VHqGkgEtf17l1L7MnOZ1nY/getUpdates "HTTP/1.1 200 OK"
2025-10-25 08:03:07: INFO:httpx:HTTP Request: POST https://api.telegram.org/bot8154094611:AAFF2uibjzso6VHqGkgEtf17l1L7MnOZ1nY/getUpdates "HTTP/1.1 200 OK"
2025-10-25 08:03:17: INFO:httpx:HTTP Request: POST https://api.telegram.org/bot8154094611:AAFF2uibjzso6VHqGkgEtf17l1L7MnOZ1nY/getUpdates "HTTP/1.1 200 OK"
2025-10-25 08:03:27: INFO:httpx:HTTP Request: POST https://api.telegram.org/bot8154094611:AAFF2uibjzso6VHqGkgEtf17l1L7MnOZ1nY/getUpdates "HTTP/1.1 200 OK"
2025-10-25 08:03:37: INFO:httpx:HTTP Request: POST https://api.telegram.org/bot8154094611:AAFF2uibjzso6VHqGkgEtf17l1L7MnOZ1nY/getUpdates "HTTP/1.1 200 OK"
2025-10-25 08:03:47: INFO:httpx:HTTP Request: POST https://api.telegram.org/bot8154094611:AAFF2uibjzso6VHqGkgEtf17l1L7MnOZ1nY/getUpdates "HTTP/1.1 200 OK"
2025-10-25 08:03:57: INFO:httpx:HTTP Request: POST https://api.telegram.org/bot8154094611:AAFF2uibjzso6VHqGkgEtf17l1L7MnOZ1nY/getUpdates "HTTP/1.1 200 OK"
2025-10-25 08:04:07: INFO:httpx:HTTP Request: POST https://api.telegram.org/bot8154094611:AAFF2uibjzso6VHqGkgEtf17l1L7MnOZ1nY/getUpdates "HTTP/1.1 200 OK"
2025-10-25 08:04:17: INFO:httpx:HTTP Request: POST https://api.telegram.org/bot8154094611:AAFF2uibjzso6VHqGkgEtf17l1L7MnOZ1nY/getUpdates "HTTP/1.1 200 OK"
2025-10-25 08:04:27: INFO:httpx:HTTP Request: POST https://api.telegram.org/bot8154094611:AAFF2uibjzso6VHqGkgEtf17l1L7MnOZ1nY/getUpdates "HTTP/1.1 200 OK"
2025-10-25 08:04:37: INFO:httpx:HTTP Request: POST https://api.telegram.org/bot8154094611:AAFF2uibjzso6VHqGkgEtf17l1L7MnOZ1nY/getUpdates "HTTP/1.1 200 OK"
2025-10-25 08:04:47: INFO:httpx:HTTP Request: POST https://api.telegram.org/bot8154094611:AAFF2uibjzso6VHqGkgEtf17l1L7MnOZ1nY/getUpdates "HTTP/1.1 200 OK"
2025-10-25 08:04:57: INFO:httpx:HTTP Request: POST https://api.telegram.org/bot8154094611:AAFF2uibjzso6VHqGkgEtf17l1L7MnOZ1nY/getUpdates "HTTP/1.1 200 OK"
2025-10-25 08:05:07: INFO:httpx:HTTP Request: POST https://api.telegram.org/bot8154094611:AAFF2uibjzso6VHqGkgEtf17l1L7MnOZ1nY/getUpdates "HTTP/1.1 200 OK"
2025-10-25 08:05:17: INFO:httpx:HTTP Request: POST https://api.telegram.org/bot8154094611:AAFF2uibjzso6VHqGkgEtf17l1L7MnOZ1nY/getUpdates "HTTP/1.1 200 OK"
2025-10-25 08:05:27: INFO:httpx:HTTP Request: POST https://api.telegram.org/bot8154094611:AAFF2uibjzso6VHqGkgEtf17l1L7MnOZ1nY/getUpdates "HTTP/1.1 200 OK"
2025-10-25 08:05:37: INFO:httpx:HTTP Request: POST https://api.telegram.org/bot8154094611:AAFF2uibjzso6VHqGkgEtf17l1L7MnOZ1nY/getUpdates "HTTP/1.1 200 OK"
2025-10-25 08:05:47: INFO:httpx:HTTP Request: POST https://api.telegram.org/bot8154094611:AAFF2uibjzso6VHqGkgEtf17l1L7MnOZ1nY/getUpdates "HTTP/1.1 200 OK"
2025-10-25 08:05:57: INFO:httpx:HTTP Request: POST https://api.telegram.org/bot8154094611:AAFF2uibjzso6VHqGkgEtf17l1L7MnOZ1nY/getUpdates "HTTP/1.1 200 OK"
2025-10-25 08:06:07: INFO:httpx:HTTP Request: POST https://api.telegram.org/bot8154094611:AAFF2uibjzso6VHqGkgEtf17l1L7MnOZ1nY/getUpdates "HTTP/1.1 200 OK"
2025-10-25 08:06:17: INFO:httpx:HTTP Request: POST https://api.telegram.org/bot8154094611:AAFF2uibjzso6VHqGkgEtf17l1L7MnOZ1nY/getUpdates "HTTP/1.1 200 OK"
2025-10-25 08:06:27: INFO:httpx:HTTP Request: POST https://api.telegram.org/bot8154094611:AAFF2uibjzso6VHqGkgEtf17l1L7MnOZ1nY/getUpdates "HTTP/1.1 200 OK"
2025-10-25 08:06:37: INFO:httpx:HTTP Request: POST https://api.telegram.org/bot8154094611:AAFF2uibjzso6VHqGkgEtf17l1L7MnOZ1nY/getUpdates "HTTP/1.1 200 OK"
2025-10-25 08:06:47: INFO:httpx:HTTP Request: POST https://api.telegram.org/bot8154094611:AAFF2uibjzso6VHqGkgEtf17l1L7MnOZ1nY/getUpdates "HTTP/1.1 200 OK"
2025-10-25 08:06:57: INFO:httpx:HTTP Request: POST https://api.telegram.org/bot8154094611:AAFF2uibjzso6VHqGkgEtf17l1L7MnOZ1nY/getUpdates "HTTP/1.1 200 OK"
2025-10-25 08:07:07: INFO:httpx:HTTP Request: POST https://api.telegram.org/bot8154094611:AAFF2uibjzso6VHqGkgEtf17l1L7MnOZ1nY/getUpdates "HTTP/1.1 200 OK"
2025-10-25 08:07:17: INFO:httpx:HTTP Request: POST https://api.telegram.org/bot8154094611:AAFF2uibjzso6VHqGkgEtf17l1L7MnOZ1nY/getUpdates "HTTP/1.1 200 OK"
2025-10-25 08:07:27: INFO:httpx:HTTP Request: POST https://api.telegram.org/bot8154094611:AAFF2uibjzso6VHqGkgEtf17l1L7MnOZ1nY/getUpdates "HTTP/1.1 200 OK"
2025-10-25 08:07:38: INFO:httpx:HTTP Request: POST https://api.telegram.org/bot8154094611:AAFF2uibjzso6VHqGkgEtf17l1L7MnOZ1nY/getUpdates "HTTP/1.1 200 OK"
2025-10-25 08:07:48: INFO:httpx:HTTP Request: POST https://api.telegram.org/bot8154094611:AAFF2uibjzso6VHqGkgEtf17l1L7MnOZ1nY/getUpdates "HTTP/1.1 200 OK"
2025-10-25 08:07:58: INFO:httpx:HTTP Request: POST https://api.telegram.org/bot8154094611:AAFF2uibjzso6VHqGkgEtf17l1L7MnOZ1nY/getUpdates "HTTP/1.1 200 OK"
2025-10-25 08:08:08: INFO:httpx:HTTP Request: POST https://api.telegram.org/bot8154094611:AAFF2uibjzso6VHqGkgEtf17l1L7MnOZ1nY/getUpdates "HTTP/1.1 200 OK"
2025-10-25 08:08:18: INFO:httpx:HTTP Request: POST https://api.telegram.org/bot8154094611:AAFF2uibjzso6VHqGkgEtf17l1L7MnOZ1nY/getUpdates "HTTP/1.1 200 OK"
2025-10-25 08:08:28: INFO:httpx:HTTP Request: POST https://api.telegram.org/bot8154094611:AAFF2uibjzso6VHqGkgEtf17l1L7MnOZ1nY/getUpdates "HTTP/1.1 200 OK"
2025-10-25 08:08:38: INFO:httpx:HTTP Request: POST https://api.telegram.org/bot8154094611:AAFF2uibjzso6VHqGkgEtf17l1L7MnOZ1nY/getUpdates "HTTP/1.1 200 OK"
2025-10-25 08:08:48: INFO:httpx:HTTP Request: POST https://api.telegram.org/bot8154094611:AAFF2uibjzso6VHqGkgEtf17l1L7MnOZ1nY/getUpdates "HTTP/1.1 200 OK"
2025-10-25 08:08:58: INFO:httpx:HTTP Request: POST https://api.telegram.org/bot8154094611:AAFF2uibjzso6VHqGkgEtf17l1L7MnOZ1nY/getUpdates "HTTP/1.1 200 OK"
2025-10-25 08:09:08: INFO:httpx:HTTP Request: POST https://api.telegram.org/bot8154094611:AAFF2uibjzso6VHqGkgEtf17l1L7MnOZ1nY/getUpdates "HTTP/1.1 200 OK"
2025-10-25 08:09:18: INFO:httpx:HTTP Request: POST https://api.telegram.org/bot8154094611:AAFF2uibjzso6VHqGkgEtf17l1L7MnOZ1nY/getUpdates "HTTP/1.1 200 OK"
2025-10-25 08:09:28: INFO:httpx:HTTP Request: POST https://api.telegram.org/bot8154094611:AAFF2uibjzso6VHqGkgEtf17l1L7MnOZ1nY/getUpdates "HTTP/1.1 200 OK"
2025-10-25 08:09:38: INFO:httpx:HTTP Request: POST https://api.telegram.org/bot8154094611:AAFF2uibjzso6VHqGkgEtf17l1L7MnOZ1nY/getUpdates "HTTP/1.1 200 OK"
2025-10-25 08:09:48: INFO:httpx:HTTP Request: POST https://api.telegram.org/bot8154094611:AAFF2uibjzso6VHqGkgEtf17l1L7MnOZ1nY/getUpdates "HTTP/1.1 200 OK"
2025-10-25 08:09:58: INFO:httpx:HTTP Request: POST https://api.telegram.org/bot8154094611:AAFF2uibjzso6VHqGkgEtf17l1L7MnOZ1nY/getUpdates "HTTP/1.1 200 OK"
2025-10-25 08:10:08: INFO:httpx:HTTP Request: POST https://api.telegram.org/bot8154094611:AAFF2uibjzso6VHqGkgEtf17l1L7MnOZ1nY/getUpdates "HTTP/1.1 200 OK"
2025-10-25 08:10:18: INFO:httpx:HTTP Request: POST https://api.telegram.org/bot8154094611:AAFF2uibjzso6VHqGkgEtf17l1L7MnOZ1nY/getUpdates "HTTP/1.1 200 OK"
2025-10-25 08:10:28: INFO:httpx:HTTP Request: POST https://api.telegram.org/bot8154094611:AAFF2uibjzso6VHqGkgEtf17l1L7MnOZ1nY/getUpdates "HTTP/1.1 200 OK"
2025-10-25 08:10:38: INFO:httpx:HTTP Request: POST https://api.telegram.org/bot8154094611:AAFF2uibjzso6VHqGkgEtf17l1L7MnOZ1nY/getUpdates "HTTP/1.1 200 OK"
2025-10-25 08:10:48: INFO:httpx:HTTP Request: POST https://api.telegram.org/bot8154094611:AAFF2uibjzso6VHqGkgEtf17l1L7MnOZ1nY/getUpdates "HTTP/1.1 200 OK"
2025-10-25 08:10:58: INFO:httpx:HTTP Request: POST https://api.telegram.org/bot8154094611:AAFF2uibjzso6VHqGkgEtf17l1L7MnOZ1nY/getUpdates "HTTP/1.1 200 OK"
2025-10-25 08:11:08: INFO:httpx:HTTP Request: POST https://api.telegram.org/bot8154094611:AAFF2uibjzso6VHqGkgEtf17l1L7MnOZ1nY/getUpdates "HTTP/1.1 200 OK"
2025-10-25 08:11:18: INFO:httpx:HTTP Request: POST https://api.telegram.org/bot8154094611:AAFF2uibjzso6VHqGkgEtf17l1L7MnOZ1nY/getUpdates "HTTP/1.1 200 OK"
2025-10-25 08:11:28: INFO:httpx:HTTP Request: POST https://api.telegram.org/bot8154094611:AAFF2uibjzso6VHqGkgEtf17l1L7MnOZ1nY/getUpdates "HTTP/1.1 200 OK"
2025-10-25 08:11:38: INFO:httpx:HTTP Request: POST https://api.telegram.org/bot8154094611:AAFF2uibjzso6VHqGkgEtf17l1L7MnOZ1nY/getUpdates "HTTP/1.1 200 OK"
2025-10-25 08:11:48: INFO:httpx:HTTP Request: POST https://api.telegram.org/bot8154094611:AAFF2uibjzso6VHqGkgEtf17l1L7MnOZ1nY/getUpdates "HTTP/1.1 200 OK"
2025-10-25 08:11:58: INFO:httpx:HTTP Request: POST https://api.telegram.org/bot8154094611:AAFF2uibjzso6VHqGkgEtf17l1L7MnOZ1nY/getUpdates "HTTP/1.1 200 OK"
2025-10-25 08:12:08: INFO:httpx:HTTP Request: POST https://api.telegram.org/bot8154094611:AAFF2uibjzso6VHqGkgEtf17l1L7MnOZ1nY/getUpdates "HTTP/1.1 200 OK"
2025-10-25 08:12:18: INFO:httpx:HTTP Request: POST https://api.telegram.org/bot8154094611:AAFF2uibjzso6VHqGkgEtf17l1L7MnOZ1nY/getUpdates "HTTP/1.1 200 OK"
2025-10-25 08:12:28: INFO:httpx:HTTP Request: POST https://api.telegram.org/bot8154094611:AAFF2uibjzso6VHqGkgEtf17l1L7MnOZ1nY/getUpdates "HTTP/1.1 200 OK"
2025-10-25 08:12:38: INFO:httpx:HTTP Request: POST https://api.telegram.org/bot8154094611:AAFF2uibjzso6VHqGkgEtf17l1L7MnOZ1nY/getUpdates "HTTP/1.1 200 OK"
2025-10-25 08:12:48: INFO:httpx:HTTP Request: POST https://api.telegram.org/bot8154094611:AAFF2uibjzso6VHqGkgEtf17l1L7MnOZ1nY/getUpdates "HTTP/1.1 200 OK"
2025-10-25 08:12:58: INFO:httpx:HTTP Request: POST https://api.telegram.org/bot8154094611:AAFF2uibjzso6VHqGkgEtf17l1L7MnOZ1nY/getUpdates "HTTP/1.1 200 OK"
2025-10-25 08:13:08: INFO:httpx:HTTP Request: POST https://api.telegram.org/bot8154094611:AAFF2uibjzso6VHqGkgEtf17l1L7MnOZ1nY/getUpdates "HTTP/1.1 200 OK"
2025-10-25 08:13:18: INFO:httpx:HTTP Request: POST https://api.telegram.org/bot8154094611:AAFF2uibjzso6VHqGkgEtf17l1L7MnOZ1nY/getUpdates "HTTP/1.1 200 OK"
2025-10-25 08:13:28: INFO:httpx:HTTP Request: POST https://api.telegram.org/bot8154094611:AAFF2uibjzso6VHqGkgEtf17l1L7MnOZ1nY/getUpdates "HTTP/1.1 200 OK"
2025-10-25 08:13:38: INFO:httpx:HTTP Request: POST https://api.telegram.org/bot8154094611:AAFF2uibjzso6VHqGkgEtf17l1L7MnOZ1nY/getUpdates "HTTP/1.1 200 OK"
2025-10-25 08:13:48: INFO:httpx:HTTP Request: POST https://api.telegram.org/bot8154094611:AAFF2uibjzso6VHqGkgEtf17l1L7MnOZ1nY/getUpdates "HTTP/1.1 200 OK"
2025-10-25 08:13:58: INFO:httpx:HTTP Request: POST https://api.telegram.org/bot8154094611:AAFF2uibjzso6VHqGkgEtf17l1L7MnOZ1nY/getUpdates "HTTP/1.1 200 OK"
2025-10-25 08:14:08: INFO:httpx:HTTP Request: POST https://api.telegram.org/bot8154094611:AAFF2uibjzso6VHqGkgEtf17l1L7MnOZ1nY/getUpdates "HTTP/1.1 200 OK"
2025-10-25 08:14:19: INFO:httpx:HTTP Request: POST https://api.telegram.org/bot8154094611:AAFF2uibjzso6VHqGkgEtf17l1L7MnOZ1nY/getUpdates "HTTP/1.1 200 OK"
2025-10-25 08:14:29: INFO:httpx:HTTP Request: POST https://api.telegram.org/bot8154094611:AAFF2uibjzso6VHqGkgEtf17l1L7MnOZ1nY/getUpdates "HTTP/1.1 200 OK"
2025-10-25 08:14:39: INFO:httpx:HTTP Request: POST https://api.telegram.org/bot8154094611:AAFF2uibjzso6VHqGkgEtf17l1L7MnOZ1nY/getUpdates "HTTP/1.1 200 OK"
2025-10-25 08:14:49: INFO:httpx:HTTP Request: POST https://api.telegram.org/bot8154094611:AAFF2uibjzso6VHqGkgEtf17l1L7MnOZ1nY/getUpdates "HTTP/1.1 200 OK"
2025-10-25 08:14:59: INFO:httpx:HTTP Request: POST https://api.telegram.org/bot8154094611:AAFF2uibjzso6VHqGkgEtf17l1L7MnOZ1nY/getUpdates "HTTP/1.1 200 OK"
2025-10-25 08:15:09: INFO:httpx:HTTP Request: POST https://api.telegram.org/bot8154094611:AAFF2uibjzso6VHqGkgEtf17l1L7MnOZ1nY/getUpdates "HTTP/1.1 200 OK"
2025-10-25 08:15:19: INFO:httpx:HTTP Request: POST https://api.telegram.org/bot8154094611:AAFF2uibjzso6VHqGkgEtf17l1L7MnOZ1nY/getUpdates "HTTP/1.1 200 OK"
2025-10-25 08:15:29: INFO:httpx:HTTP Request: POST https://api.telegram.org/bot8154094611:AAFF2uibjzso6VHqGkgEtf17l1L7MnOZ1nY/getUpdates "HTTP/1.1 200 OK"
2025-10-25 08:15:39: INFO:httpx:HTTP Request: POST https://api.telegram.org/bot8154094611:AAFF2uibjzso6VHqGkgEtf17l1L7MnOZ1nY/getUpdates "HTTP/1.1 200 OK"
2025-10-25 08:15:49: INFO:httpx:HTTP Request: POST https://api.telegram.org/bot8154094611:AAFF2uibjzso6VHqGkgEtf17l1L7MnOZ1nY/getUpdates "HTTP/1.1 200 OK"
2025-10-25 08:15:59: INFO:httpx:HTTP Request: POST https://api.telegram.org/bot8154094611:AAFF2uibjzso6VHqGkgEtf17l1L7MnOZ1nY/getUpdates "HTTP/1.1 200 OK"
2025-10-25 08:16:09: INFO:httpx:HTTP Request: POST https://api.telegram.org/bot8154094611:AAFF2uibjzso6VHqGkgEtf17l1L7MnOZ1nY/getUpdates "HTTP/1.1 200 OK"
2025-10-25 08:16:19: INFO:httpx:HTTP Request: POST https://api.telegram.org/bot8154094611:AAFF2uibjzso6VHqGkgEtf17l1L7MnOZ1nY/getUpdates "HTTP/1.1 200 OK"
2025-10-25 08:16:29: INFO:httpx:HTTP Request: POST https://api.telegram.org/bot8154094611:AAFF2uibjzso6VHqGkgEtf17l1L7MnOZ1nY/getUpdates "HTTP/1.1 200 OK"
2025-10-25 08:16:39: INFO:httpx:HTTP Request: POST https://api.telegram.org/bot8154094611:AAFF2uibjzso6VHqGkgEtf17l1L7MnOZ1nY/getUpdates "HTTP/1.1 200 OK"
2025-10-25 08:16:49: INFO:httpx:HTTP Request: POST https://api.telegram.org/bot8154094611:AAFF2uibjzso6VHqGkgEtf17l1L7MnOZ1nY/getUpdates "HTTP/1.1 200 OK"
2025-10-25 08:16:59: INFO:httpx:HTTP Request: POST https://api.telegram.org/bot8154094611:AAFF2uibjzso6VHqGkgEtf17l1L7MnOZ1nY/getUpdates "HTTP/1.1 200 OK"
2025-10-25 08:17:09: INFO:httpx:HTTP Request: POST https://api.telegram.org/bot8154094611:AAFF2uibjzso6VHqGkgEtf17l1L7MnOZ1nY/getUpdates "HTTP/1.1 200 OK"
2025-10-25 08:17:19: INFO:httpx:HTTP Request: POST https://api.telegram.org/bot8154094611:AAFF2uibjzso6VHqGkgEtf17l1L7MnOZ1nY/getUpdates "HTTP/1.1 200 OK"
2025-10-25 08:17:29: INFO:httpx:HTTP Request: POST https://api.telegram.org/bot8154094611:AAFF2uibjzso6VHqGkgEtf17l1L7MnOZ1nY/getUpdates "HTTP/1.1 200 OK"
2025-10-25 08:17:39: INFO:httpx:HTTP Request: POST https://api.telegram.org/bot8154094611:AAFF2uibjzso6VHqGkgEtf17l1L7MnOZ1nY/getUpdates "HTTP/1.1 200 OK"
2025-10-25 08:17:49: INFO:httpx:HTTP Request: POST https://api.telegram.org/bot8154094611:AAFF2uibjzso6VHqGkgEtf17l1L7MnOZ1nY/getUpdates "HTTP/1.1 200 OK"
2025-10-25 08:17:59: INFO:httpx:HTTP Request: POST https://api.telegram.org/bot8154094611:AAFF2uibjzso6VHqGkgEtf17l1L7MnOZ1nY/getUpdates "HTTP/1.1 200 OK"
2025-10-25 08:18:09: INFO:httpx:HTTP Request: POST https://api.telegram.org/bot8154094611:AAFF2uibjzso6VHqGkgEtf17l1L7MnOZ1nY/getUpdates "HTTP/1.1 200 OK"
2025-10-25 08:18:19: INFO:httpx:HTTP Request: POST https://api.telegram.org/bot8154094611:AAFF2uibjzso6VHqGkgEtf17l1L7MnOZ1nY/getUpdates "HTTP/1.1 200 OK"
2025-10-25 08:18:29: INFO:httpx:HTTP Request: POST https://api.telegram.org/bot8154094611:AAFF2uibjzso6VHqGkgEtf17l1L7MnOZ1nY/getUpdates "HTTP/1.1 200 OK"
2025-10-25 08:18:39: INFO:httpx:HTTP Request: POST https://api.telegram.org/bot8154094611:AAFF2uibjzso6VHqGkgEtf17l1L7MnOZ1nY/getUpdates "HTTP/1.1 200 OK"
2025-10-25 08:18:49: INFO:httpx:HTTP Request: POST https://api.telegram.org/bot8154094611:AAFF2uibjzso6VHqGkgEtf17l1L7MnOZ1nY/getUpdates "HTTP/1.1 200 OK"
2025-10-25 08:18:59: INFO:httpx:HTTP Request: POST https://api.telegram.org/bot8154094611:AAFF2uibjzso6VHqGkgEtf17l1L7MnOZ1nY/getUpdates "HTTP/1.1 200 OK"
2025-10-25 08:19:09: INFO:httpx:HTTP Request: POST https://api.telegram.org/bot8154094611:AAFF2uibjzso6VHqGkgEtf17l1L7MnOZ1nY/getUpdates "HTTP/1.1 200 OK"
2025-10-25 08:19:19: INFO:httpx:HTTP Request: POST https://api.telegram.org/bot8154094611:AAFF2uibjzso6VHqGkgEtf17l1L7MnOZ1nY/getUpdates "HTTP/1.1 200 OK"
2025-10-25 08:19:29: INFO:httpx:HTTP Request: POST https://api.telegram.org/bot8154094611:AAFF2uibjzso6VHqGkgEtf17l1L7MnOZ1nY/getUpdates "HTTP/1.1 200 OK"
2025-10-25 08:19:39: INFO:httpx:HTTP Request: POST https://api.telegram.org/bot8154094611:AAFF2uibjzso6VHqGkgEtf17l1L7MnOZ1nY/getUpdates "HTTP/1.1 200 OK"
2025-10-25 08:19:49: INFO:httpx:HTTP Request: POST https://api.telegram.org/bot8154094611:AAFF2uibjzso6VHqGkgEtf17l1L7MnOZ1nY/getUpdates "HTTP/1.1 200 OK"
2025-10-25 08:19:59: INFO:httpx:HTTP Request: POST https://api.telegram.org/bot8154094611:AAFF2uibjzso6VHqGkgEtf17l1L7MnOZ1nY/getUpdates "HTTP/1.1 200 OK"
2025-10-25 08:20:09: INFO:httpx:HTTP Request: POST https://api.telegram.org/bot8154094611:AAFF2uibjzso6VHqGkgEtf17l1L7MnOZ1nY/getUpdates "HTTP/1.1 200 OK"
2025-10-25 08:20:19: INFO:httpx:HTTP Request: POST https://api.telegram.org/bot8154094611:AAFF2uibjzso6VHqGkgEtf17l1L7MnOZ1nY/getUpdates "HTTP/1.1 200 OK"
2025-10-25 08:20:30: INFO:httpx:HTTP Request: POST https://api.telegram.org/bot8154094611:AAFF2uibjzso6VHqGkgEtf17l1L7MnOZ1nY/getUpdates "HTTP/1.1 200 OK"
2025-10-25 08:20:40: INFO:httpx:HTTP Request: POST https://api.telegram.org/bot8154094611:AAFF2uibjzso6VHqGkgEtf17l1L7MnOZ1nY/getUpdates "HTTP/1.1 200 OK"
2025-10-25 08:20:50: INFO:httpx:HTTP Request: POST https://api.telegram.org/bot8154094611:AAFF2uibjzso6VHqGkgEtf17l1L7MnOZ1nY/getUpdates "HTTP/1.1 200 OK"
2025-10-25 08:21:00: INFO:httpx:HTTP Request: POST https://api.telegram.org/bot8154094611:AAFF2uibjzso6VHqGkgEtf17l1L7MnOZ1nY/getUpdates "HTTP/1.1 200 OK"
2025-10-25 08:21:10: INFO:httpx:HTTP Request: POST https://api.telegram.org/bot8154094611:AAFF2uibjzso6VHqGkgEtf17l1L7MnOZ1nY/getUpdates "HTTP/1.1 200 OK"
2025-10-25 08:21:20: INFO:httpx:HTTP Request: POST https://api.telegram.org/bot8154094611:AAFF2uibjzso6VHqGkgEtf17l1L7MnOZ1nY/getUpdates "HTTP/1.1 200 OK"
2025-10-25 08:21:30: INFO:httpx:HTTP Request: POST https://api.telegram.org/bot8154094611:AAFF2uibjzso6VHqGkgEtf17l1L7MnOZ1nY/getUpdates "HTTP/1.1 200 OK"
2025-10-25 08:21:40: INFO:httpx:HTTP Request: POST https://api.telegram.org/bot8154094611:AAFF2uibjzso6VHqGkgEtf17l1L7MnOZ1nY/getUpdates "HTTP/1.1 200 OK"
2025-10-25 08:21:50: INFO:httpx:HTTP Request: POST https://api.telegram.org/bot8154094611:AAFF2uibjzso6VHqGkgEtf17l1L7MnOZ1nY/getUpdates "HTTP/1.1 200 OK"
2025-10-25 08:22:00: INFO:httpx:HTTP Request: POST https://api.telegram.org/bot8154094611:AAFF2uibjzso6VHqGkgEtf17l1L7MnOZ1nY/getUpdates "HTTP/1.1 200 OK"
2025-10-25 08:22:10: INFO:httpx:HTTP Request: POST https://api.telegram.org/bot8154094611:AAFF2uibjzso6VHqGkgEtf17l1L7MnOZ1nY/getUpdates "HTTP/1.1 200 OK"
2025-10-25 08:22:20: INFO:httpx:HTTP Request: POST https://api.telegram.org/bot8154094611:AAFF2uibjzso6VHqGkgEtf17l1L7MnOZ1nY/getUpdates "HTTP/1.1 200 OK"
2025-10-25 08:22:30: INFO:httpx:HTTP Request: POST https://api.telegram.org/bot8154094611:AAFF2uibjzso6VHqGkgEtf17l1L7MnOZ1nY/getUpdates "HTTP/1.1 200 OK"
2025-10-25 08:22:40: INFO:httpx:HTTP Request: POST https://api.telegram.org/bot8154094611:AAFF2uibjzso6VHqGkgEtf17l1L7MnOZ1nY/getUpdates "HTTP/1.1 200 OK"
2025-10-25 08:22:50: INFO:httpx:HTTP Request: POST https://api.telegram.org/bot8154094611:AAFF2uibjzso6VHqGkgEtf17l1L7MnOZ1nY/getUpdates "HTTP/1.1 200 OK"
2025-10-25 08:23:00: INFO:httpx:HTTP Request: POST https://api.telegram.org/bot8154094611:AAFF2uibjzso6VHqGkgEtf17l1L7MnOZ1nY/getUpdates "HTTP/1.1 200 OK"
2025-10-25 08:23:10: INFO:httpx:HTTP Request: POST https://api.telegram.org/bot8154094611:AAFF2uibjzso6VHqGkgEtf17l1L7MnOZ1nY/getUpdates "HTTP/1.1 200 OK"
2025-10-25 08:23:20: INFO:httpx:HTTP Request: POST https://api.telegram.org/bot8154094611:AAFF2uibjzso6VHqGkgEtf17l1L7MnOZ1nY/getUpdates "HTTP/1.1 200 OK"
2025-10-25 08:23:30: INFO:httpx:HTTP Request: POST https://api.telegram.org/bot8154094611:AAFF2uibjzso6VHqGkgEtf17l1L7MnOZ1nY/getUpdates "HTTP/1.1 200 OK"
2025-10-25 08:23:40: INFO:httpx:HTTP Request: POST https://api.telegram.org/bot8154094611:AAFF2uibjzso6VHqGkgEtf17l1L7MnOZ1nY/getUpdates "HTTP/1.1 200 OK"
2025-10-25 08:23:50: INFO:httpx:HTTP Request: POST https://api.telegram.org/bot8154094611:AAFF2uibjzso6VHqGkgEtf17l1L7MnOZ1nY/getUpdates "HTTP/1.1 200 OK"
2025-10-25 08:24:00: INFO:httpx:HTTP Request: POST https://api.telegram.org/bot8154094611:AAFF2uibjzso6VHqGkgEtf17l1L7MnOZ1nY/getUpdates "HTTP/1.1 200 OK"
2025-10-25 08:24:10: INFO:httpx:HTTP Request: POST https://api.telegram.org/bot8154094611:AAFF2uibjzso6VHqGkgEtf17l1L7MnOZ1nY/getUpdates "HTTP/1.1 200 OK"
2025-10-25 08:24:20: INFO:httpx:HTTP Request: POST https://api.telegram.org/bot8154094611:AAFF2uibjzso6VHqGkgEtf17l1L7MnOZ1nY/getUpdates "HTTP/1.1 200 OK"
2025-10-25 08:24:30: INFO:httpx:HTTP Request: POST https://api.telegram.org/bot8154094611:AAFF2uibjzso6VHqGkgEtf17l1L7MnOZ1nY/getUpdates "HTTP/1.1 200 OK"
2025-10-25 08:24:40: INFO:httpx:HTTP Request: POST https://api.telegram.org/bot8154094611:AAFF2uibjzso6VHqGkgEtf17l1L7MnOZ1nY/getUpdates "HTTP/1.1 200 OK"
2025-10-25 08:24:50: INFO:httpx:HTTP Request: POST https://api.telegram.org/bot8154094611:AAFF2uibjzso6VHqGkgEtf17l1L7MnOZ1nY/getUpdates "HTTP/1.1 200 OK"
2025-10-25 08:25:00: INFO:httpx:HTTP Request: POST https://api.telegram.org/bot8154094611:AAFF2uibjzso6VHqGkgEtf17l1L7MnOZ1nY/getUpdates "HTTP/1.1 200 OK"
2025-10-25 08:25:10: INFO:httpx:HTTP Request: POST https://api.telegram.org/bot8154094611:AAFF2uibjzso6VHqGkgEtf17l1L7MnOZ1nY/getUpdates "HTTP/1.1 200 OK"
2025-10-25 08:25:20: INFO:httpx:HTTP Request: POST https://api.telegram.org/bot8154094611:AAFF2uibjzso6VHqGkgEtf17l1L7MnOZ1nY/getUpdates "HTTP/1.1 200 OK"
2025-10-25 08:25:30: INFO:httpx:HTTP Request: POST https://api.telegram.org/bot8154094611:AAFF2uibjzso6VHqGkgEtf17l1L7MnOZ1nY/getUpdates "HTTP/1.1 200 OK"
2025-10-25 08:25:40: INFO:httpx:HTTP Request: POST https://api.telegram.org/bot8154094611:AAFF2uibjzso6VHqGkgEtf17l1L7MnOZ1nY/getUpdates "HTTP/1.1 200 OK"
2025-10-25 08:25:50: INFO:httpx:HTTP Request: POST https://api.telegram.org/bot8154094611:AAFF2uibjzso6VHqGkgEtf17l1L7MnOZ1nY/getUpdates "HTTP/1.1 200 OK"
2025-10-25 08:26:00: INFO:httpx:HTTP Request: POST https://api.telegram.org/bot8154094611:AAFF2uibjzso6VHqGkgEtf17l1L7MnOZ1nY/getUpdates "HTTP/1.1 200 OK"
2025-10-25 08:26:10: INFO:httpx:HTTP Request: POST https://api.telegram.org/bot8154094611:AAFF2uibjzso6VHqGkgEtf17l1L7MnOZ1nY/getUpdates "HTTP/1.1 200 OK"
2025-10-25 08:26:20: INFO:httpx:HTTP Request: POST https://api.telegram.org/bot8154094611:AAFF2uibjzso6VHqGkgEtf17l1L7MnOZ1nY/getUpdates "HTTP/1.1 200 OK"
2025-10-25 08:26:30: INFO:httpx:HTTP Request: POST https://api.telegram.org/bot8154094611:AAFF2uibjzso6VHqGkgEtf17l1L7MnOZ1nY/getUpdates "HTTP/1.1 200 OK"
2025-10-25 08:26:40: INFO:httpx:HTTP Request: POST https://api.telegram.org/bot8154094611:AAFF2uibjzso6VHqGkgEtf17l1L7MnOZ1nY/getUpdates "HTTP/1.1 200 OK"
2025-10-25 08:26:50: INFO:httpx:HTTP Request: POST https://api.telegram.org/bot8154094611:AAFF2uibjzso6VHqGkgEtf17l1L7MnOZ1nY/getUpdates "HTTP/1.1 200 OK"
2025-10-25 08:27:00: INFO:httpx:HTTP Request: POST https://api.telegram.org/bot8154094611:AAFF2uibjzso6VHqGkgEtf17l1L7MnOZ1nY/getUpdates "HTTP/1.1 200 OK"
2025-10-25 08:27:11: INFO:httpx:HTTP Request: POST https://api.telegram.org/bot8154094611:AAFF2uibjzso6VHqGkgEtf17l1L7MnOZ1nY/getUpdates "HTTP/1.1 200 OK"
2025-10-25 08:27:21: INFO:httpx:HTTP Request: POST https://api.telegram.org/bot8154094611:AAFF2uibjzso6VHqGkgEtf17l1L7MnOZ1nY/getUpdates "HTTP/1.1 200 OK"
2025-10-25 08:27:31: INFO:httpx:HTTP Request: POST https://api.telegram.org/bot8154094611:AAFF2uibjzso6VHqGkgEtf17l1L7MnOZ1nY/getUpdates "HTTP/1.1 200 OK"
2025-10-25 08:27:41: INFO:httpx:HTTP Request: POST https://api.telegram.org/bot8154094611:AAFF2uibjzso6VHqGkgEtf17l1L7MnOZ1nY/getUpdates "HTTP/1.1 200 OK"
2025-10-25 08:27:51: INFO:httpx:HTTP Request: POST https://api.telegram.org/bot8154094611:AAFF2uibjzso6VHqGkgEtf17l1L7MnOZ1nY/getUpdates "HTTP/1.1 200 OK"
2025-10-25 08:28:01: INFO:httpx:HTTP Request: POST https://api.telegram.org/bot8154094611:AAFF2uibjzso6VHqGkgEtf17l1L7MnOZ1nY/getUpdates "HTTP/1.1 200 OK"
2025-10-25 08:28:11: INFO:httpx:HTTP Request: POST https://api.telegram.org/bot8154094611:AAFF2uibjzso6VHqGkgEtf17l1L7MnOZ1nY/getUpdates "HTTP/1.1 200 OK"
2025-10-25 08:28:21: INFO:httpx:HTTP Request: POST https://api.telegram.org/bot8154094611:AAFF2uibjzso6VHqGkgEtf17l1L7MnOZ1nY/getUpdates "HTTP/1.1 200 OK"
2025-10-25 08:28:31: INFO:httpx:HTTP Request: POST https://api.telegram.org/bot8154094611:AAFF2uibjzso6VHqGkgEtf17l1L7MnOZ1nY/getUpdates "HTTP/1.1 200 OK"
2025-10-25 08:28:41: INFO:httpx:HTTP Request: POST https://api.telegram.org/bot8154094611:AAFF2uibjzso6VHqGkgEtf17l1L7MnOZ1nY/getUpdates "HTTP/1.1 200 OK"
2025-10-25 08:28:51: INFO:httpx:HTTP Request: POST https://api.telegram.org/bot8154094611:AAFF2uibjzso6VHqGkgEtf17l1L7MnOZ1nY/getUpdates "HTTP/1.1 200 OK"
2025-10-25 08:29:01: INFO:httpx:HTTP Request: POST https://api.telegram.org/bot8154094611:AAFF2uibjzso6VHqGkgEtf17l1L7MnOZ1nY/getUpdates "HTTP/1.1 200 OK"
2025-10-25 08:29:11: INFO:httpx:HTTP Request: POST https://api.telegram.org/bot8154094611:AAFF2uibjzso6VHqGkgEtf17l1L7MnOZ1nY/getUpdates "HTTP/1.1 200 OK"
2025-10-25 08:29:21: INFO:httpx:HTTP Request: POST https://api.telegram.org/bot8154094611:AAFF2uibjzso6VHqGkgEtf17l1L7MnOZ1nY/getUpdates "HTTP/1.1 200 OK"
2025-10-25 08:29:31: INFO:httpx:HTTP Request: POST https://api.telegram.org/bot8154094611:AAFF2uibjzso6VHqGkgEtf17l1L7MnOZ1nY/getUpdates "HTTP/1.1 200 OK"
2025-10-25 08:29:41: INFO:httpx:HTTP Request: POST https://api.telegram.org/bot8154094611:AAFF2uibjzso6VHqGkgEtf17l1L7MnOZ1nY/getUpdates "HTTP/1.1 200 OK"
2025-10-25 08:29:51: INFO:httpx:HTTP Request: POST https://api.telegram.org/bot8154094611:AAFF2uibjzso6VHqGkgEtf17l1L7MnOZ1nY/getUpdates "HTTP/1.1 200 OK"
2025-10-25 08:30:01: INFO:httpx:HTTP Request: POST https://api.telegram.org/bot8154094611:AAFF2uibjzso6VHqGkgEtf17l1L7MnOZ1nY/getUpdates "HTTP/1.1 200 OK"
2025-10-25 08:30:11: INFO:httpx:HTTP Request: POST https://api.telegram.org/bot8154094611:AAFF2uibjzso6VHqGkgEtf17l1L7MnOZ1nY/getUpdates "HTTP/1.1 200 OK"
2025-10-25 08:30:21: INFO:httpx:HTTP Request: POST https://api.telegram.org/bot8154094611:AAFF2uibjzso6VHqGkgEtf17l1L7MnOZ1nY/getUpdates "HTTP/1.1 200 OK"
2025-10-25 08:30:31: INFO:httpx:HTTP Request: POST https://api.telegram.org/bot8154094611:AAFF2uibjzso6VHqGkgEtf17l1L7MnOZ1nY/getUpdates "HTTP/1.1 200 OK"
2025-10-25 08:30:41: INFO:httpx:HTTP Request: POST https://api.telegram.org/bot8154094611:AAFF2uibjzso6VHqGkgEtf17l1L7MnOZ1nY/getUpdates "HTTP/1.1 200 OK"
2025-10-25 08:30:51: INFO:httpx:HTTP Request: POST https://api.telegram.org/bot8154094611:AAFF2uibjzso6VHqGkgEtf17l1L7MnOZ1nY/getUpdates "HTTP/1.1 200 OK"
2025-10-25 08:31:01: INFO:httpx:HTTP Request: POST https://api.telegram.org/bot8154094611:AAFF2uibjzso6VHqGkgEtf17l1L7MnOZ1nY/getUpdates "HTTP/1.1 200 OK"
2025-10-25 08:31:11: INFO:httpx:HTTP Request: POST https://api.telegram.org/bot8154094611:AAFF2uibjzso6VHqGkgEtf17l1L7MnOZ1nY/getUpdates "HTTP/1.1 200 OK"
2025-10-25 08:31:21: INFO:httpx:HTTP Request: POST https://api.telegram.org/bot8154094611:AAFF2uibjzso6VHqGkgEtf17l1L7MnOZ1nY/getUpdates "HTTP/1.1 200 OK"
2025-10-25 08:31:31: INFO:httpx:HTTP Request: POST https://api.telegram.org/bot8154094611:AAFF2uibjzso6VHqGkgEtf17l1L7MnOZ1nY/getUpdates "HTTP/1.1 200 OK"
2025-10-25 08:31:41: INFO:httpx:HTTP Request: POST https://api.telegram.org/bot8154094611:AAFF2uibjzso6VHqGkgEtf17l1L7MnOZ1nY/getUpdates "HTTP/1.1 200 OK"
2025-10-25 08:31:51: INFO:httpx:HTTP Request: POST https://api.telegram.org/bot8154094611:AAFF2uibjzso6VHqGkgEtf17l1L7MnOZ1nY/getUpdates "HTTP/1.1 200 OK"
2025-10-25 08:32:01: INFO:httpx:HTTP Request: POST https://api.telegram.org/bot8154094611:AAFF2uibjzso6VHqGkgEtf17l1L7MnOZ1nY/getUpdates "HTTP/1.1 200 OK"
2025-10-25 08:32:11: INFO:httpx:HTTP Request: POST https://api.telegram.org/bot8154094611:AAFF2uibjzso6VHqGkgEtf17l1L7MnOZ1nY/getUpdates "HTTP/1.1 200 OK"
2025-10-25 08:32:21: INFO:httpx:HTTP Request: POST https://api.telegram.org/bot8154094611:AAFF2uibjzso6VHqGkgEtf17l1L7MnOZ1nY/getUpdates "HTTP/1.1 200 OK"
2025-10-25 08:32:31: INFO:httpx:HTTP Request: POST https://api.telegram.org/bot8154094611:AAFF2uibjzso6VHqGkgEtf17l1L7MnOZ1nY/getUpdates "HTTP/1.1 200 OK"
2025-10-25 08:32:41: INFO:httpx:HTTP Request: POST https://api.telegram.org/bot8154094611:AAFF2uibjzso6VHqGkgEtf17l1L7MnOZ1nY/getUpdates "HTTP/1.1 200 OK"
2025-10-25 08:32:51: INFO:httpx:HTTP Request: POST https://api.telegram.org/bot8154094611:AAFF2uibjzso6VHqGkgEtf17l1L7MnOZ1nY/getUpdates "HTTP/1.1 200 OK"
2025-10-25 08:33:01: INFO:httpx:HTTP Request: POST https://api.telegram.org/bot8154094611:AAFF2uibjzso6VHqGkgEtf17l1L7MnOZ1nY/getUpdates "HTTP/1.1 200 OK"
2025-10-25 08:33:11: INFO:httpx:HTTP Request: POST https://api.telegram.org/bot8154094611:AAFF2uibjzso6VHqGkgEtf17l1L7MnOZ1nY/getUpdates "HTTP/1.1 200 OK"
2025-10-25 08:33:21: INFO:httpx:HTTP Request: POST https://api.telegram.org/bot8154094611:AAFF2uibjzso6VHqGkgEtf17l1L7MnOZ1nY/getUpdates "HTTP/1.1 200 OK"
2025-10-25 08:33:32: INFO:httpx:HTTP Request: POST https://api.telegram.org/bot8154094611:AAFF2uibjzso6VHqGkgEtf17l1L7MnOZ1nY/getUpdates "HTTP/1.1 200 OK"
2025-10-25 08:33:42: INFO:httpx:HTTP Request: POST https://api.telegram.org/bot8154094611:AAFF2uibjzso6VHqGkgEtf17l1L7MnOZ1nY/getUpdates "HTTP/1.1 200 OK"
2025-10-25 08:33:52: INFO:httpx:HTTP Request: POST https://api.telegram.org/bot8154094611:AAFF2uibjzso6VHqGkgEtf17l1L7MnOZ1nY/getUpdates "HTTP/1.1 200 OK"
2025-10-25 08:34:02: INFO:httpx:HTTP Request: POST https://api.telegram.org/bot8154094611:AAFF2uibjzso6VHqGkgEtf17l1L7MnOZ1nY/getUpdates "HTTP/1.1 200 OK"
2025-10-25 08:34:12: INFO:httpx:HTTP Request: POST https://api.telegram.org/bot8154094611:AAFF2uibjzso6VHqGkgEtf17l1L7MnOZ1nY/getUpdates "HTTP/1.1 200 OK"
2025-10-25 08:34:22: INFO:httpx:HTTP Request: POST https://api.telegram.org/bot8154094611:AAFF2uibjzso6VHqGkgEtf17l1L7MnOZ1nY/getUpdates "HTTP/1.1 200 OK"
2025-10-25 08:34:32: INFO:httpx:HTTP Request: POST https://api.telegram.org/bot8154094611:AAFF2uibjzso6VHqGkgEtf17l1L7MnOZ1nY/getUpdates "HTTP/1.1 200 OK"
2025-10-25 08:34:42: INFO:httpx:HTTP Request: POST https://api.telegram.org/bot8154094611:AAFF2uibjzso6VHqGkgEtf17l1L7MnOZ1nY/getUpdates "HTTP/1.1 200 OK"
2025-10-25 08:34:52: INFO:httpx:HTTP Request: POST https://api.telegram.org/bot8154094611:AAFF2uibjzso6VHqGkgEtf17l1L7MnOZ1nY/getUpdates "HTTP/1.1 200 OK"
2025-10-25 08:35:02: INFO:httpx:HTTP Request: POST https://api.telegram.org/bot8154094611:AAFF2uibjzso6VHqGkgEtf17l1L7MnOZ1nY/getUpdates "HTTP/1.1 200 OK"
2025-10-25 08:35:12: INFO:httpx:HTTP Request: POST https://api.telegram.org/bot8154094611:AAFF2uibjzso6VHqGkgEtf17l1L7MnOZ1nY/getUpdates "HTTP/1.1 200 OK"
2025-10-25 08:35:22: INFO:httpx:HTTP Request: POST https://api.telegram.org/bot8154094611:AAFF2uibjzso6VHqGkgEtf17l1L7MnOZ1nY/getUpdates "HTTP/1.1 200 OK"
2025-10-25 08:35:32: INFO:httpx:HTTP Request: POST https://api.telegram.org/bot8154094611:AAFF2uibjzso6VHqGkgEtf17l1L7MnOZ1nY/getUpdates "HTTP/1.1 200 OK"
2025-10-25 08:35:42: INFO:httpx:HTTP Request: POST https://api.telegram.org/bot8154094611:AAFF2uibjzso6VHqGkgEtf17l1L7MnOZ1nY/getUpdates "HTTP/1.1 200 OK"
2025-10-25 08:35:52: INFO:httpx:HTTP Request: POST https://api.telegram.org/bot8154094611:AAFF2uibjzso6VHqGkgEtf17l1L7MnOZ1nY/getUpdates "HTTP/1.1 200 OK"
2025-10-25 08:36:02: INFO:httpx:HTTP Request: POST https://api.telegram.org/bot8154094611:AAFF2uibjzso6VHqGkgEtf17l1L7MnOZ1nY/getUpdates "HTTP/1.1 200 OK"
2025-10-25 08:36:12: INFO:httpx:HTTP Request: POST https://api.telegram.org/bot8154094611:AAFF2uibjzso6VHqGkgEtf17l1L7MnOZ1nY/getUpdates "HTTP/1.1 200 OK"
2025-10-25 08:36:22: INFO:httpx:HTTP Request: POST https://api.telegram.org/bot8154094611:AAFF2uibjzso6VHqGkgEtf17l1L7MnOZ1nY/getUpdates "HTTP/1.1 200 OK"
2025-10-25 08:36:32: INFO:httpx:HTTP Request: POST https://api.telegram.org/bot8154094611:AAFF2uibjzso6VHqGkgEtf17l1L7MnOZ1nY/getUpdates "HTTP/1.1 200 OK"
2025-10-25 08:36:42: INFO:httpx:HTTP Request: POST https://api.telegram.org/bot8154094611:AAFF2uibjzso6VHqGkgEtf17l1L7MnOZ1nY/getUpdates "HTTP/1.1 200 OK"
2025-10-25 08:36:52: INFO:httpx:HTTP Request: POST https://api.telegram.org/bot8154094611:AAFF2uibjzso6VHqGkgEtf17l1L7MnOZ1nY/getUpdates "HTTP/1.1 200 OK"
2025-10-25 08:37:02: INFO:httpx:HTTP Request: POST https://api.telegram.org/bot8154094611:AAFF2uibjzso6VHqGkgEtf17l1L7MnOZ1nY/getUpdates "HTTP/1.1 200 OK"
2025-10-25 08:37:12: INFO:httpx:HTTP Request: POST https://api.telegram.org/bot8154094611:AAFF2uibjzso6VHqGkgEtf17l1L7MnOZ1nY/getUpdates "HTTP/1.1 200 OK"
2025-10-25 08:37:22: INFO:httpx:HTTP Request: POST https://api.telegram.org/bot8154094611:AAFF2uibjzso6VHqGkgEtf17l1L7MnOZ1nY/getUpdates "HTTP/1.1 200 OK"
2025-10-25 08:37:32: INFO:httpx:HTTP Request: POST https://api.telegram.org/bot8154094611:AAFF2uibjzso6VHqGkgEtf17l1L7MnOZ1nY/getUpdates "HTTP/1.1 200 OK"
2025-10-25 08:37:42: INFO:httpx:HTTP Request: POST https://api.telegram.org/bot8154094611:AAFF2uibjzso6VHqGkgEtf17l1L7MnOZ1nY/getUpdates "HTTP/1.1 200 OK"
2025-10-25 08:37:52: INFO:httpx:HTTP Request: POST https://api.telegram.org/bot8154094611:AAFF2uibjzso6VHqGkgEtf17l1L7MnOZ1nY/getUpdates "HTTP/1.1 200 OK"
2025-10-25 08:38:02: INFO:httpx:HTTP Request: POST https://api.telegram.org/bot8154094611:AAFF2uibjzso6VHqGkgEtf17l1L7MnOZ1nY/getUpdates "HTTP/1.1 200 OK"
2025-10-25 08:38:12: INFO:httpx:HTTP Request: POST https://api.telegram.org/bot8154094611:AAFF2uibjzso6VHqGkgEtf17l1L7MnOZ1nY/getUpdates "HTTP/1.1 200 OK"
2025-10-25 08:38:22: INFO:httpx:HTTP Request: POST https://api.telegram.org/bot8154094611:AAFF2uibjzso6VHqGkgEtf17l1L7MnOZ1nY/getUpdates "HTTP/1.1 200 OK"
2025-10-25 08:38:32: INFO:httpx:HTTP Request: POST https://api.telegram.org/bot8154094611:AAFF2uibjzso6VHqGkgEtf17l1L7MnOZ1nY/getUpdates "HTTP/1.1 200 OK"
2025-10-25 08:38:42: INFO:httpx:HTTP Request: POST https://api.telegram.org/bot8154094611:AAFF2uibjzso6VHqGkgEtf17l1L7MnOZ1nY/getUpdates "HTTP/1.1 200 OK"
2025-10-25 08:38:52: INFO:httpx:HTTP Request: POST https://api.telegram.org/bot8154094611:AAFF2uibjzso6VHqGkgEtf17l1L7MnOZ1nY/getUpdates "HTTP/1.1 200 OK"
2025-10-25 08:39:02: INFO:httpx:HTTP Request: POST https://api.telegram.org/bot8154094611:AAFF2uibjzso6VHqGkgEtf17l1L7MnOZ1nY/getUpdates "HTTP/1.1 200 OK"
2025-10-25 08:39:12: INFO:httpx:HTTP Request: POST https://api.telegram.org/bot8154094611:AAFF2uibjzso6VHqGkgEtf17l1L7MnOZ1nY/getUpdates "HTTP/1.1 200 OK"
2025-10-25 08:39:22: INFO:httpx:HTTP Request: POST https://api.telegram.org/bot8154094611:AAFF2uibjzso6VHqGkgEtf17l1L7MnOZ1nY/getUpdates "HTTP/1.1 200 OK"
2025-10-25 08:39:32: INFO:httpx:HTTP Request: POST https://api.telegram.org/bot8154094611:AAFF2uibjzso6VHqGkgEtf17l1L7MnOZ1nY/getUpdates "HTTP/1.1 200 OK"
2025-10-25 08:39:43: INFO:httpx:HTTP Request: POST https://api.telegram.org/bot8154094611:AAFF2uibjzso6VHqGkgEtf17l1L7MnOZ1nY/getUpdates "HTTP/1.1 200 OK"
2025-10-25 08:39:53: INFO:httpx:HTTP Request: POST https://api.telegram.org/bot8154094611:AAFF2uibjzso6VHqGkgEtf17l1L7MnOZ1nY/getUpdates "HTTP/1.1 200 OK"
2025-10-25 08:40:03: INFO:httpx:HTTP Request: POST https://api.telegram.org/bot8154094611:AAFF2uibjzso6VHqGkgEtf17l1L7MnOZ1nY/getUpdates "HTTP/1.1 200 OK"
2025-10-25 08:40:13: INFO:httpx:HTTP Request: POST https://api.telegram.org/bot8154094611:AAFF2uibjzso6VHqGkgEtf17l1L7MnOZ1nY/getUpdates "HTTP/1.1 200 OK"
2025-10-25 08:40:23: INFO:httpx:HTTP Request: POST https://api.telegram.org/bot8154094611:AAFF2uibjzso6VHqGkgEtf17l1L7MnOZ1nY/getUpdates "HTTP/1.1 200 OK"
2025-10-25 08:40:33: INFO:httpx:HTTP Request: POST https://api.telegram.org/bot8154094611:AAFF2uibjzso6VHqGkgEtf17l1L7MnOZ1nY/getUpdates "HTTP/1.1 200 OK"
2025-10-25 08:40:43: INFO:httpx:HTTP Request: POST https://api.telegram.org/bot8154094611:AAFF2uibjzso6VHqGkgEtf17l1L7MnOZ1nY/getUpdates "HTTP/1.1 200 OK"
2025-10-25 08:40:53: INFO:httpx:HTTP Request: POST https://api.telegram.org/bot8154094611:AAFF2uibjzso6VHqGkgEtf17l1L7MnOZ1nY/getUpdates "HTTP/1.1 200 OK"
2025-10-25 08:41:03: INFO:httpx:HTTP Request: POST https://api.telegram.org/bot8154094611:AAFF2uibjzso6VHqGkgEtf17l1L7MnOZ1nY/getUpdates "HTTP/1.1 200 OK"
2025-10-25 08:41:13: INFO:httpx:HTTP Request: POST https://api.telegram.org/bot8154094611:AAFF2uibjzso6VHqGkgEtf17l1L7MnOZ1nY/getUpdates "HTTP/1.1 200 OK"
2025-10-25 08:41:23: INFO:httpx:HTTP Request: POST https://api.telegram.org/bot8154094611:AAFF2uibjzso6VHqGkgEtf17l1L7MnOZ1nY/getUpdates "HTTP/1.1 200 OK"
2025-10-25 08:41:33: INFO:httpx:HTTP Request: POST https://api.telegram.org/bot8154094611:AAFF2uibjzso6VHqGkgEtf17l1L7MnOZ1nY/getUpdates "HTTP/1.1 200 OK"
2025-10-25 08:41:43: INFO:httpx:HTTP Request: POST https://api.telegram.org/bot8154094611:AAFF2uibjzso6VHqGkgEtf17l1L7MnOZ1nY/getUpdates "HTTP/1.1 200 OK"
2025-10-25 08:41:53: INFO:httpx:HTTP Request: POST https://api.telegram.org/bot8154094611:AAFF2uibjzso6VHqGkgEtf17l1L7MnOZ1nY/getUpdates "HTTP/1.1 200 OK"
2025-10-25 08:42:03: INFO:httpx:HTTP Request: POST https://api.telegram.org/bot8154094611:AAFF2uibjzso6VHqGkgEtf17l1L7MnOZ1nY/getUpdates "HTTP/1.1 200 OK"
2025-10-25 08:42:13: INFO:httpx:HTTP Request: POST https://api.telegram.org/bot8154094611:AAFF2uibjzso6VHqGkgEtf17l1L7MnOZ1nY/getUpdates "HTTP/1.1 200 OK"
2025-10-25 08:42:23: INFO:httpx:HTTP Request: POST https://api.telegram.org/bot8154094611:AAFF2uibjzso6VHqGkgEtf17l1L7MnOZ1nY/getUpdates "HTTP/1.1 200 OK"
2025-10-25 08:42:33: INFO:httpx:HTTP Request: POST https://api.telegram.org/bot8154094611:AAFF2uibjzso6VHqGkgEtf17l1L7MnOZ1nY/getUpdates "HTTP/1.1 200 OK"
2025-10-25 08:42:43: INFO:httpx:HTTP Request: POST https://api.telegram.org/bot8154094611:AAFF2uibjzso6VHqGkgEtf17l1L7MnOZ1nY/getUpdates "HTTP/1.1 200 OK"
2025-10-25 08:42:53: INFO:httpx:HTTP Request: POST https://api.telegram.org/bot8154094611:AAFF2uibjzso6VHqGkgEtf17l1L7MnOZ1nY/getUpdates "HTTP/1.1 200 OK"
2025-10-25 08:43:03: INFO:httpx:HTTP Request: POST https://api.telegram.org/bot8154094611:AAFF2uibjzso6VHqGkgEtf17l1L7MnOZ1nY/getUpdates "HTTP/1.1 200 OK"
2025-10-25 08:43:13: INFO:httpx:HTTP Request: POST https://api.telegram.org/bot8154094611:AAFF2uibjzso6VHqGkgEtf17l1L7MnOZ1nY/getUpdates "HTTP/1.1 200 OK"
2025-10-25 08:43:23: INFO:httpx:HTTP Request: POST https://api.telegram.org/bot8154094611:AAFF2uibjzso6VHqGkgEtf17l1L7MnOZ1nY/getUpdates "HTTP/1.1 200 OK"
2025-10-25 08:43:33: INFO:httpx:HTTP Request: POST https://api.telegram.org/bot8154094611:AAFF2uibjzso6VHqGkgEtf17l1L7MnOZ1nY/getUpdates "HTTP/1.1 200 OK"
2025-10-25 08:43:43: INFO:httpx:HTTP Request: POST https://api.telegram.org/bot8154094611:AAFF2uibjzso6VHqGkgEtf17l1L7MnOZ1nY/getUpdates "HTTP/1.1 200 OK"
2025-10-25 08:43:53: INFO:httpx:HTTP Request: POST https://api.telegram.org/bot8154094611:AAFF2uibjzso6VHqGkgEtf17l1L7MnOZ1nY/getUpdates "HTTP/1.1 200 OK"
2025-10-25 08:44:03: INFO:httpx:HTTP Request: POST https://api.telegram.org/bot8154094611:AAFF2uibjzso6VHqGkgEtf17l1L7MnOZ1nY/getUpdates "HTTP/1.1 200 OK"
2025-10-25 08:44:13: INFO:httpx:HTTP Request: POST https://api.telegram.org/bot8154094611:AAFF2uibjzso6VHqGkgEtf17l1L7MnOZ1nY/getUpdates "HTTP/1.1 200 OK"
2025-10-25 08:44:23: INFO:httpx:HTTP Request: POST https://api.telegram.org/bot8154094611:AAFF2uibjzso6VHqGkgEtf17l1L7MnOZ1nY/getUpdates "HTTP/1.1 200 OK"
2025-10-25 08:44:33: INFO:httpx:HTTP Request: POST https://api.telegram.org/bot8154094611:AAFF2uibjzso6VHqGkgEtf17l1L7MnOZ1nY/getUpdates "HTTP/1.1 200 OK"
2025-10-25 08:44:43: INFO:httpx:HTTP Request: POST https://api.telegram.org/bot8154094611:AAFF2uibjzso6VHqGkgEtf17l1L7MnOZ1nY/getUpdates "HTTP/1.1 200 OK"
2025-10-25 08:44:53: INFO:httpx:HTTP Request: POST https://api.telegram.org/bot8154094611:AAFF2uibjzso6VHqGkgEtf17l1L7MnOZ1nY/getUpdates "HTTP/1.1 200 OK"
2025-10-25 08:45:03: INFO:httpx:HTTP Request: POST https://api.telegram.org/bot8154094611:AAFF2uibjzso6VHqGkgEtf17l1L7MnOZ1nY/getUpdates "HTTP/1.1 200 OK"
2025-10-25 08:45:13: INFO:httpx:HTTP Request: POST https://api.telegram.org/bot8154094611:AAFF2uibjzso6VHqGkgEtf17l1L7MnOZ1nY/getUpdates "HTTP/1.1 200 OK"
2025-10-25 08:45:23: INFO:httpx:HTTP Request: POST https://api.telegram.org/bot8154094611:AAFF2uibjzso6VHqGkgEtf17l1L7MnOZ1nY/getUpdates "HTTP/1.1 200 OK"
2025-10-25 08:45:33: INFO:httpx:HTTP Request: POST https://api.telegram.org/bot8154094611:AAFF2uibjzso6VHqGkgEtf17l1L7MnOZ1nY/getUpdates "HTTP/1.1 200 OK"
2025-10-25 08:45:43: INFO:httpx:HTTP Request: POST https://api.telegram.org/bot8154094611:AAFF2uibjzso6VHqGkgEtf17l1L7MnOZ1nY/getUpdates "HTTP/1.1 200 OK"
2025-10-25 08:45:53: INFO:httpx:HTTP Request: POST https://api.telegram.org/bot8154094611:AAFF2uibjzso6VHqGkgEtf17l1L7MnOZ1nY/getUpdates "HTTP/1.1 200 OK"
2025-10-25 08:46:03: INFO:httpx:HTTP Request: POST https://api.telegram.org/bot8154094611:AAFF2uibjzso6VHqGkgEtf17l1L7MnOZ1nY/getUpdates "HTTP/1.1 200 OK"
2025-10-25 08:46:14: INFO:httpx:HTTP Request: POST https://api.telegram.org/bot8154094611:AAFF2uibjzso6VHqGkgEtf17l1L7MnOZ1nY/getUpdates "HTTP/1.1 200 OK"
2025-10-25 08:46:24: INFO:httpx:HTTP Request: POST https://api.telegram.org/bot8154094611:AAFF2uibjzso6VHqGkgEtf17l1L7MnOZ1nY/getUpdates "HTTP/1.1 200 OK"
2025-10-25 08:46:34: INFO:httpx:HTTP Request: POST https://api.telegram.org/bot8154094611:AAFF2uibjzso6VHqGkgEtf17l1L7MnOZ1nY/getUpdates "HTTP/1.1 200 OK"
2025-10-25 08:46:44: INFO:httpx:HTTP Request: POST https://api.telegram.org/bot8154094611:AAFF2uibjzso6VHqGkgEtf17l1L7MnOZ1nY/getUpdates "HTTP/1.1 200 OK"
2025-10-25 08:46:54: INFO:httpx:HTTP Request: POST https://api.telegram.org/bot8154094611:AAFF2uibjzso6VHqGkgEtf17l1L7MnOZ1nY/getUpdates "HTTP/1.1 200 OK"
2025-10-25 08:47:04: INFO:httpx:HTTP Request: POST https://api.telegram.org/bot8154094611:AAFF2uibjzso6VHqGkgEtf17l1L7MnOZ1nY/getUpdates "HTTP/1.1 200 OK"
2025-10-25 08:47:14: INFO:httpx:HTTP Request: POST https://api.telegram.org/bot8154094611:AAFF2uibjzso6VHqGkgEtf17l1L7MnOZ1nY/getUpdates "HTTP/1.1 200 OK"
2025-10-25 08:47:24: INFO:httpx:HTTP Request: POST https://api.telegram.org/bot8154094611:AAFF2uibjzso6VHqGkgEtf17l1L7MnOZ1nY/getUpdates "HTTP/1.1 200 OK"
2025-10-25 08:47:34: INFO:httpx:HTTP Request: POST https://api.telegram.org/bot8154094611:AAFF2uibjzso6VHqGkgEtf17l1L7MnOZ1nY/getUpdates "HTTP/1.1 200 OK"
2025-10-25 08:47:44: INFO:httpx:HTTP Request: POST https://api.telegram.org/bot8154094611:AAFF2uibjzso6VHqGkgEtf17l1L7MnOZ1nY/getUpdates "HTTP/1.1 200 OK"
2025-10-25 08:47:54: INFO:httpx:HTTP Request: POST https://api.telegram.org/bot8154094611:AAFF2uibjzso6VHqGkgEtf17l1L7MnOZ1nY/getUpdates "HTTP/1.1 200 OK"
2025-10-25 08:48:04: INFO:httpx:HTTP Request: POST https://api.telegram.org/bot8154094611:AAFF2uibjzso6VHqGkgEtf17l1L7MnOZ1nY/getUpdates "HTTP/1.1 200 OK"
2025-10-25 08:48:14: INFO:httpx:HTTP Request: POST https://api.telegram.org/bot8154094611:AAFF2uibjzso6VHqGkgEtf17l1L7MnOZ1nY/getUpdates "HTTP/1.1 200 OK"
2025-10-25 08:48:24: INFO:httpx:HTTP Request: POST https://api.telegram.org/bot8154094611:AAFF2uibjzso6VHqGkgEtf17l1L7MnOZ1nY/getUpdates "HTTP/1.1 200 OK"
2025-10-25 08:48:34: INFO:httpx:HTTP Request: POST https://api.telegram.org/bot8154094611:AAFF2uibjzso6VHqGkgEtf17l1L7MnOZ1nY/getUpdates "HTTP/1.1 200 OK"
2025-10-25 08:48:44: INFO:httpx:HTTP Request: POST https://api.telegram.org/bot8154094611:AAFF2uibjzso6VHqGkgEtf17l1L7MnOZ1nY/getUpdates "HTTP/1.1 200 OK"
2025-10-25 08:48:54: INFO:httpx:HTTP Request: POST https://api.telegram.org/bot8154094611:AAFF2uibjzso6VHqGkgEtf17l1L7MnOZ1nY/getUpdates "HTTP/1.1 200 OK"
2025-10-25 08:49:04: INFO:httpx:HTTP Request: POST https://api.telegram.org/bot8154094611:AAFF2uibjzso6VHqGkgEtf17l1L7MnOZ1nY/getUpdates "HTTP/1.1 200 OK"
2025-10-25 08:49:14: INFO:httpx:HTTP Request: POST https://api.telegram.org/bot8154094611:AAFF2uibjzso6VHqGkgEtf17l1L7MnOZ1nY/getUpdates "HTTP/1.1 200 OK"
2025-10-25 08:49:24: INFO:httpx:HTTP Request: POST https://api.telegram.org/bot8154094611:AAFF2uibjzso6VHqGkgEtf17l1L7MnOZ1nY/getUpdates "HTTP/1.1 200 OK"
2025-10-25 08:49:34: INFO:httpx:HTTP Request: POST https://api.telegram.org/bot8154094611:AAFF2uibjzso6VHqGkgEtf17l1L7MnOZ1nY/getUpdates "HTTP/1.1 200 OK"
2025-10-25 08:49:44: INFO:httpx:HTTP Request: POST https://api.telegram.org/bot8154094611:AAFF2uibjzso6VHqGkgEtf17l1L7MnOZ1nY/getUpdates "HTTP/1.1 200 OK"
2025-10-25 08:49:54: INFO:httpx:HTTP Request: POST https://api.telegram.org/bot8154094611:AAFF2uibjzso6VHqGkgEtf17l1L7MnOZ1nY/getUpdates "HTTP/1.1 200 OK"
2025-10-25 08:50:04: INFO:httpx:HTTP Request: POST https://api.telegram.org/bot8154094611:AAFF2uibjzso6VHqGkgEtf17l1L7MnOZ1nY/getUpdates "HTTP/1.1 200 OK"
2025-10-25 08:50:14: INFO:httpx:HTTP Request: POST https://api.telegram.org/bot8154094611:AAFF2uibjzso6VHqGkgEtf17l1L7MnOZ1nY/getUpdates "HTTP/1.1 200 OK"
2025-10-25 08:50:24: INFO:httpx:HTTP Request: POST https://api.telegram.org/bot8154094611:AAFF2uibjzso6VHqGkgEtf17l1L7MnOZ1nY/getUpdates "HTTP/1.1 200 OK"
2025-10-25 08:50:34: INFO:httpx:HTTP Request: POST https://api.telegram.org/bot8154094611:AAFF2uibjzso6VHqGkgEtf17l1L7MnOZ1nY/getUpdates "HTTP/1.1 200 OK"
2025-10-25 08:50:44: INFO:httpx:HTTP Request: POST https://api.telegram.org/bot8154094611:AAFF2uibjzso6VHqGkgEtf17l1L7MnOZ1nY/getUpdates "HTTP/1.1 200 OK"
2025-10-25 08:50:54: INFO:httpx:HTTP Request: POST https://api.telegram.org/bot8154094611:AAFF2uibjzso6VHqGkgEtf17l1L7MnOZ1nY/getUpdates "HTTP/1.1 200 OK"
2025-10-25 08:51:04: INFO:httpx:HTTP Request: POST https://api.telegram.org/bot8154094611:AAFF2uibjzso6VHqGkgEtf17l1L7MnOZ1nY/getUpdates "HTTP/1.1 200 OK"
2025-10-25 08:51:14: INFO:httpx:HTTP Request: POST https://api.telegram.org/bot8154094611:AAFF2uibjzso6VHqGkgEtf17l1L7MnOZ1nY/getUpdates "HTTP/1.1 200 OK"
2025-10-25 08:51:24: INFO:httpx:HTTP Request: POST https://api.telegram.org/bot8154094611:AAFF2uibjzso6VHqGkgEtf17l1L7MnOZ1nY/getUpdates "HTTP/1.1 200 OK"
2025-10-25 08:51:34: INFO:httpx:HTTP Request: POST https://api.telegram.org/bot8154094611:AAFF2uibjzso6VHqGkgEtf17l1L7MnOZ1nY/getUpdates "HTTP/1.1 200 OK"
2025-10-25 08:51:44: INFO:httpx:HTTP Request: POST https://api.telegram.org/bot8154094611:AAFF2uibjzso6VHqGkgEtf17l1L7MnOZ1nY/getUpdates "HTTP/1.1 200 OK"
2025-10-25 08:51:54: INFO:httpx:HTTP Request: POST https://api.telegram.org/bot8154094611:AAFF2uibjzso6VHqGkgEtf17l1L7MnOZ1nY/getUpdates "HTTP/1.1 200 OK"
2025-10-25 08:52:04: INFO:httpx:HTTP Request: POST https://api.telegram.org/bot8154094611:AAFF2uibjzso6VHqGkgEtf17l1L7MnOZ1nY/getUpdates "HTTP/1.1 200 OK"
2025-10-25 08:52:14: INFO:httpx:HTTP Request: POST https://api.telegram.org/bot8154094611:AAFF2uibjzso6VHqGkgEtf17l1L7MnOZ1nY/getUpdates "HTTP/1.1 200 OK"
2025-10-25 08:52:24: INFO:httpx:HTTP Request: POST https://api.telegram.org/bot8154094611:AAFF2uibjzso6VHqGkgEtf17l1L7MnOZ1nY/getUpdates "HTTP/1.1 200 OK"
2025-10-25 08:52:34: INFO:httpx:HTTP Request: POST https://api.telegram.org/bot8154094611:AAFF2uibjzso6VHqGkgEtf17l1L7MnOZ1nY/getUpdates "HTTP/1.1 200 OK"
2025-10-25 08:52:45: INFO:httpx:HTTP Request: POST https://api.telegram.org/bot8154094611:AAFF2uibjzso6VHqGkgEtf17l1L7MnOZ1nY/getUpdates "HTTP/1.1 200 OK"
2025-10-25 08:52:55: INFO:httpx:HTTP Request: POST https://api.telegram.org/bot8154094611:AAFF2uibjzso6VHqGkgEtf17l1L7MnOZ1nY/getUpdates "HTTP/1.1 200 OK"
2025-10-25 08:53:05: INFO:httpx:HTTP Request: POST https://api.telegram.org/bot8154094611:AAFF2uibjzso6VHqGkgEtf17l1L7MnOZ1nY/getUpdates "HTTP/1.1 200 OK"
2025-10-25 08:53:15: INFO:httpx:HTTP Request: POST https://api.telegram.org/bot8154094611:AAFF2uibjzso6VHqGkgEtf17l1L7MnOZ1nY/getUpdates "HTTP/1.1 200 OK"
2025-10-25 08:53:25: INFO:httpx:HTTP Request: POST https://api.telegram.org/bot8154094611:AAFF2uibjzso6VHqGkgEtf17l1L7MnOZ1nY/getUpdates "HTTP/1.1 200 OK"
2025-10-25 08:53:35: INFO:httpx:HTTP Request: POST https://api.telegram.org/bot8154094611:AAFF2uibjzso6VHqGkgEtf17l1L7MnOZ1nY/getUpdates "HTTP/1.1 200 OK"
2025-10-25 08:53:45: INFO:httpx:HTTP Request: POST https://api.telegram.org/bot8154094611:AAFF2uibjzso6VHqGkgEtf17l1L7MnOZ1nY/getUpdates "HTTP/1.1 200 OK"
2025-10-25 08:53:55: INFO:httpx:HTTP Request: POST https://api.telegram.org/bot8154094611:AAFF2uibjzso6VHqGkgEtf17l1L7MnOZ1nY/getUpdates "HTTP/1.1 200 OK"
2025-10-25 08:54:05: INFO:httpx:HTTP Request: POST https://api.telegram.org/bot8154094611:AAFF2uibjzso6VHqGkgEtf17l1L7MnOZ1nY/getUpdates "HTTP/1.1 200 OK"
2025-10-25 08:54:15: INFO:httpx:HTTP Request: POST https://api.telegram.org/bot8154094611:AAFF2uibjzso6VHqGkgEtf17l1L7MnOZ1nY/getUpdates "HTTP/1.1 200 OK"
2025-10-25 08:54:25: INFO:httpx:HTTP Request: POST https://api.telegram.org/bot8154094611:AAFF2uibjzso6VHqGkgEtf17l1L7MnOZ1nY/getUpdates "HTTP/1.1 200 OK"
2025-10-25 08:54:35: INFO:httpx:HTTP Request: POST https://api.telegram.org/bot8154094611:AAFF2uibjzso6VHqGkgEtf17l1L7MnOZ1nY/getUpdates "HTTP/1.1 200 OK"
2025-10-25 08:54:45: INFO:httpx:HTTP Request: POST https://api.telegram.org/bot8154094611:AAFF2uibjzso6VHqGkgEtf17l1L7MnOZ1nY/getUpdates "HTTP/1.1 200 OK"
2025-10-25 08:54:55: INFO:httpx:HTTP Request: POST https://api.telegram.org/bot8154094611:AAFF2uibjzso6VHqGkgEtf17l1L7MnOZ1nY/getUpdates "HTTP/1.1 200 OK"
2025-10-25 08:55:05: INFO:httpx:HTTP Request: POST https://api.telegram.org/bot8154094611:AAFF2uibjzso6VHqGkgEtf17l1L7MnOZ1nY/getUpdates "HTTP/1.1 200 OK"
2025-10-25 08:55:15: INFO:httpx:HTTP Request: POST https://api.telegram.org/bot8154094611:AAFF2uibjzso6VHqGkgEtf17l1L7MnOZ1nY/getUpdates "HTTP/1.1 200 OK"
2025-10-25 08:55:25: INFO:httpx:HTTP Request: POST https://api.telegram.org/bot8154094611:AAFF2uibjzso6VHqGkgEtf17l1L7MnOZ1nY/getUpdates "HTTP/1.1 200 OK"
2025-10-25 08:55:35: INFO:httpx:HTTP Request: POST https://api.telegram.org/bot8154094611:AAFF2uibjzso6VHqGkgEtf17l1L7MnOZ1nY/getUpdates "HTTP/1.1 200 OK"
2025-10-25 08:55:45: INFO:httpx:HTTP Request: POST https://api.telegram.org/bot8154094611:AAFF2uibjzso6VHqGkgEtf17l1L7MnOZ1nY/getUpdates "HTTP/1.1 200 OK"
2025-10-25 08:55:55: INFO:httpx:HTTP Request: POST https://api.telegram.org/bot8154094611:AAFF2uibjzso6VHqGkgEtf17l1L7MnOZ1nY/getUpdates "HTTP/1.1 200 OK"
2025-10-25 08:56:05: INFO:httpx:HTTP Request: POST https://api.telegram.org/bot8154094611:AAFF2uibjzso6VHqGkgEtf17l1L7MnOZ1nY/getUpdates "HTTP/1.1 200 OK"
2025-10-25 08:56:15: INFO:httpx:HTTP Request: POST https://api.telegram.org/bot8154094611:AAFF2uibjzso6VHqGkgEtf17l1L7MnOZ1nY/getUpdates "HTTP/1.1 200 OK"
2025-10-25 08:56:25: INFO:httpx:HTTP Request: POST https://api.telegram.org/bot8154094611:AAFF2uibjzso6VHqGkgEtf17l1L7MnOZ1nY/getUpdates "HTTP/1.1 200 OK"
2025-10-25 08:56:35: INFO:httpx:HTTP Request: POST https://api.telegram.org/bot8154094611:AAFF2uibjzso6VHqGkgEtf17l1L7MnOZ1nY/getUpdates "HTTP/1.1 200 OK"
2025-10-25 08:56:45: INFO:httpx:HTTP Request: POST https://api.telegram.org/bot8154094611:AAFF2uibjzso6VHqGkgEtf17l1L7MnOZ1nY/getUpdates "HTTP/1.1 200 OK"
2025-10-25 08:56:55: INFO:httpx:HTTP Request: POST https://api.telegram.org/bot8154094611:AAFF2uibjzso6VHqGkgEtf17l1L7MnOZ1nY/getUpdates "HTTP/1.1 200 OK"
2025-10-25 08:57:05: INFO:httpx:HTTP Request: POST https://api.telegram.org/bot8154094611:AAFF2uibjzso6VHqGkgEtf17l1L7MnOZ1nY/getUpdates "HTTP/1.1 200 OK"
2025-10-25 08:57:15: INFO:httpx:HTTP Request: POST https://api.telegram.org/bot8154094611:AAFF2uibjzso6VHqGkgEtf17l1L7MnOZ1nY/getUpdates "HTTP/1.1 200 OK"
2025-10-25 08:57:25: INFO:httpx:HTTP Request: POST https://api.telegram.org/bot8154094611:AAFF2uibjzso6VHqGkgEtf17l1L7MnOZ1nY/getUpdates "HTTP/1.1 200 OK"
2025-10-25 08:57:35: INFO:httpx:HTTP Request: POST https://api.telegram.org/bot8154094611:AAFF2uibjzso6VHqGkgEtf17l1L7MnOZ1nY/getUpdates "HTTP/1.1 200 OK"
2025-10-25 08:57:45: INFO:httpx:HTTP Request: POST https://api.telegram.org/bot8154094611:AAFF2uibjzso6VHqGkgEtf17l1L7MnOZ1nY/getUpdates "HTTP/1.1 200 OK"
2025-10-25 08:57:55: INFO:httpx:HTTP Request: POST https://api.telegram.org/bot8154094611:AAFF2uibjzso6VHqGkgEtf17l1L7MnOZ1nY/getUpdates "HTTP/1.1 200 OK"
2025-10-25 08:58:05: INFO:httpx:HTTP Request: POST https://api.telegram.org/bot8154094611:AAFF2uibjzso6VHqGkgEtf17l1L7MnOZ1nY/getUpdates "HTTP/1.1 200 OK"
2025-10-25 08:58:15: INFO:httpx:HTTP Request: POST https://api.telegram.org/bot8154094611:AAFF2uibjzso6VHqGkgEtf17l1L7MnOZ1nY/getUpdates "HTTP/1.1 200 OK"
2025-10-25 08:58:25: INFO:httpx:HTTP Request: POST https://api.telegram.org/bot8154094611:AAFF2uibjzso6VHqGkgEtf17l1L7MnOZ1nY/getUpdates "HTTP/1.1 200 OK"
2025-10-25 08:58:35: INFO:httpx:HTTP Request: POST https://api.telegram.org/bot8154094611:AAFF2uibjzso6VHqGkgEtf17l1L7MnOZ1nY/getUpdates "HTTP/1.1 200 OK"
2025-10-25 08:58:45: INFO:httpx:HTTP Request: POST https://api.telegram.org/bot8154094611:AAFF2uibjzso6VHqGkgEtf17l1L7MnOZ1nY/getUpdates "HTTP/1.1 200 OK"
2025-10-25 08:58:55: INFO:httpx:HTTP Request: POST https://api.telegram.org/bot8154094611:AAFF2uibjzso6VHqGkgEtf17l1L7MnOZ1nY/getUpdates "HTTP/1.1 200 OK"
2025-10-25 08:59:05: INFO:httpx:HTTP Request: POST https://api.telegram.org/bot8154094611:AAFF2uibjzso6VHqGkgEtf17l1L7MnOZ1nY/getUpdates "HTTP/1.1 200 OK"
2025-10-25 08:59:16: INFO:httpx:HTTP Request: POST https://api.telegram.org/bot8154094611:AAFF2uibjzso6VHqGkgEtf17l1L7MnOZ1nY/getUpdates "HTTP/1.1 200 OK"
2025-10-25 08:59:26: INFO:httpx:HTTP Request: POST https://api.telegram.org/bot8154094611:AAFF2uibjzso6VHqGkgEtf17l1L7MnOZ1nY/getUpdates "HTTP/1.1 200 OK"
2025-10-25 08:59:36: INFO:httpx:HTTP Request: POST https://api.telegram.org/bot8154094611:AAFF2uibjzso6VHqGkgEtf17l1L7MnOZ1nY/getUpdates "HTTP/1.1 200 OK"
2025-10-25 08:59:46: INFO:httpx:HTTP Request: POST https://api.telegram.org/bot8154094611:AAFF2uibjzso6VHqGkgEtf17l1L7MnOZ1nY/getUpdates "HTTP/1.1 200 OK"
2025-10-25 08:59:56: INFO:httpx:HTTP Request: POST https://api.telegram.org/bot8154094611:AAFF2uibjzso6VHqGkgEtf17l1L7MnOZ1nY/getUpdates "HTTP/1.1 200 OK"
2025-10-25 09:00:06: INFO:httpx:HTTP Request: POST https://api.telegram.org/bot8154094611:AAFF2uibjzso6VHqGkgEtf17l1L7MnOZ1nY/getUpdates "HTTP/1.1 200 OK"
2025-10-25 09:00:16: INFO:httpx:HTTP Request: POST https://api.telegram.org/bot8154094611:AAFF2uibjzso6VHqGkgEtf17l1L7MnOZ1nY/getUpdates "HTTP/1.1 200 OK"
2025-10-25 09:00:26: INFO:httpx:HTTP Request: POST https://api.telegram.org/bot8154094611:AAFF2uibjzso6VHqGkgEtf17l1L7MnOZ1nY/getUpdates "HTTP/1.1 200 OK"
2025-10-25 09:00:36: INFO:httpx:HTTP Request: POST https://api.telegram.org/bot8154094611:AAFF2uibjzso6VHqGkgEtf17l1L7MnOZ1nY/getUpdates "HTTP/1.1 200 OK"
2025-10-25 09:00:46: INFO:httpx:HTTP Request: POST https://api.telegram.org/bot8154094611:AAFF2uibjzso6VHqGkgEtf17l1L7MnOZ1nY/getUpdates "HTTP/1.1 200 OK"
2025-10-25 09:00:56: INFO:httpx:HTTP Request: POST https://api.telegram.org/bot8154094611:AAFF2uibjzso6VHqGkgEtf17l1L7MnOZ1nY/getUpdates "HTTP/1.1 200 OK"
2025-10-25 09:01:06: INFO:httpx:HTTP Request: POST https://api.telegram.org/bot8154094611:AAFF2uibjzso6VHqGkgEtf17l1L7MnOZ1nY/getUpdates "HTTP/1.1 200 OK"
2025-10-25 09:01:16: INFO:httpx:HTTP Request: POST https://api.telegram.org/bot8154094611:AAFF2uibjzso6VHqGkgEtf17l1L7MnOZ1nY/getUpdates "HTTP/1.1 200 OK"
2025-10-25 09:01:26: INFO:httpx:HTTP Request: POST https://api.telegram.org/bot8154094611:AAFF2uibjzso6VHqGkgEtf17l1L7MnOZ1nY/getUpdates "HTTP/1.1 200 OK"
2025-10-25 09:01:36: INFO:httpx:HTTP Request: POST https://api.telegram.org/bot8154094611:AAFF2uibjzso6VHqGkgEtf17l1L7MnOZ1nY/getUpdates "HTTP/1.1 200 OK"
2025-10-25 09:01:46: INFO:httpx:HTTP Request: POST https://api.telegram.org/bot8154094611:AAFF2uibjzso6VHqGkgEtf17l1L7MnOZ1nY/getUpdates "HTTP/1.1 200 OK"
2025-10-25 09:01:56: INFO:httpx:HTTP Request: POST https://api.telegram.org/bot8154094611:AAFF2uibjzso6VHqGkgEtf17l1L7MnOZ1nY/getUpdates "HTTP/1.1 200 OK"
2025-10-25 09:02:06: INFO:httpx:HTTP Request: POST https://api.telegram.org/bot8154094611:AAFF2uibjzso6VHqGkgEtf17l1L7MnOZ1nY/getUpdates "HTTP/1.1 200 OK"
2025-10-25 09:02:16: INFO:httpx:HTTP Request: POST https://api.telegram.org/bot8154094611:AAFF2uibjzso6VHqGkgEtf17l1L7MnOZ1nY/getUpdates "HTTP/1.1 200 OK"
2025-10-25 09:02:26: INFO:httpx:HTTP Request: POST https://api.telegram.org/bot8154094611:AAFF2uibjzso6VHqGkgEtf17l1L7MnOZ1nY/getUpdates "HTTP/1.1 200 OK"
2025-10-25 09:02:36: INFO:httpx:HTTP Request: POST https://api.telegram.org/bot8154094611:AAFF2uibjzso6VHqGkgEtf17l1L7MnOZ1nY/getUpdates "HTTP/1.1 200 OK"
2025-10-25 09:02:46: INFO:httpx:HTTP Request: POST https://api.telegram.org/bot8154094611:AAFF2uibjzso6VHqGkgEtf17l1L7MnOZ1nY/getUpdates "HTTP/1.1 200 OK"
2025-10-25 09:02:56: INFO:httpx:HTTP Request: POST https://api.telegram.org/bot8154094611:AAFF2uibjzso6VHqGkgEtf17l1L7MnOZ1nY/getUpdates "HTTP/1.1 200 OK"
2025-10-25 09:03:06: INFO:httpx:HTTP Request: POST https://api.telegram.org/bot8154094611:AAFF2uibjzso6VHqGkgEtf17l1L7MnOZ1nY/getUpdates "HTTP/1.1 200 OK"
2025-10-25 09:03:16: INFO:httpx:HTTP Request: POST https://api.telegram.org/bot8154094611:AAFF2uibjzso6VHqGkgEtf17l1L7MnOZ1nY/getUpdates "HTTP/1.1 200 OK"
2025-10-25 09:03:26: INFO:httpx:HTTP Request: POST https://api.telegram.org/bot8154094611:AAFF2uibjzso6VHqGkgEtf17l1L7MnOZ1nY/getUpdates "HTTP/1.1 200 OK"
2025-10-25 09:03:30: INFO:httpx:HTTP Request: POST https://api.telegram.org/bot8154094611:AAFF2uibjzso6VHqGkgEtf17l1L7MnOZ1nY/getUpdates "HTTP/1.1 200 OK"
2025-10-25 09:03:30: INFO:httpx:HTTP Request: POST https://api.telegram.org/bot8154094611:AAFF2uibjzso6VHqGkgEtf17l1L7MnOZ1nY/answerCallbackQuery "HTTP/1.1 200 OK"
2025-10-25 09:03:30: INFO:httpx:HTTP Request: POST https://api.telegram.org/bot8154094611:AAFF2uibjzso6VHqGkgEtf17l1L7MnOZ1nY/sendMessage "HTTP/1.1 200 OK"
2025-10-25 09:03:33: INFO:httpx:HTTP Request: POST https://api.telegram.org/bot8154094611:AAFF2uibjzso6VHqGkgEtf17l1L7MnOZ1nY/getUpdates "HTTP/1.1 200 OK"
2025-10-25 09:03:33: INFO:httpx:HTTP Request: POST https://api.telegram.org/bot8154094611:AAFF2uibjzso6VHqGkgEtf17l1L7MnOZ1nY/answerCallbackQuery "HTTP/1.1 200 OK"
2025-10-25 09:03:33: INFO:__main__:🔍 view_pending_requests called - fetching ALL pending requests
2025-10-25 09:03:33: INFO:__main__:🔍 Fetching all pending withdrawal requests...
2025-10-25 09:03:33: INFO:__main__:📊 Found 0 pending withdrawal requests
2025-10-25 09:03:33: INFO:__main__:📊 Retrieved 0 total pending requests
2025-10-25 09:03:33: INFO:__main__:📝 No requests found for current page
2025-10-25 09:03:33: INFO:httpx:HTTP Request: POST https://api.telegram.org/bot8154094611:AAFF2uibjzso6VHqGkgEtf17l1L7MnOZ1nY/sendMessage "HTTP/1.1 200 OK"
2025-10-25 09:03:35: INFO:httpx:HTTP Request: POST https://api.telegram.org/bot8154094611:AAFF2uibjzso6VHqGkgEtf17l1L7MnOZ1nY/getUpdates "HTTP/1.1 200 OK"
2025-10-25 09:03:35: INFO:httpx:HTTP Request: POST https://api.telegram.org/bot8154094611:AAFF2uibjzso6VHqGkgEtf17l1L7MnOZ1nY/answerCallbackQuery "HTTP/1.1 200 OK"
2025-10-25 09:03:35: INFO:httpx:HTTP Request: POST https://api.telegram.org/bot8154094611:AAFF2uibjzso6VHqGkgEtf17l1L7MnOZ1nY/sendMessage "HTTP/1.1 200 OK"
2025-10-25 09:03:36: INFO:httpx:HTTP Request: POST https://api.telegram.org/bot8154094611:AAFF2uibjzso6VHqGkgEtf17l1L7MnOZ1nY/getUpdates "HTTP/1.1 200 OK"
2025-10-25 09:03:37: INFO:httpx:HTTP Request: POST https://api.telegram.org/bot8154094611:AAFF2uibjzso6VHqGkgEtf17l1L7MnOZ1nY/answerCallbackQuery "HTTP/1.1 200 OK"
2025-10-25 09:03:37: INFO:__main__:🔍 Getting transactions for telegram_id: 1464395537
2025-10-25 09:03:37: INFO:__main__:📊 Found 10 transactions for adaa_alepo
2025-10-25 09:03:37: INFO:httpx:HTTP Request: POST https://api.telegram.org/bot8154094611:AAFF2uibjzso6VHqGkgEtf17l1L7MnOZ1nY/sendMessage "HTTP/1.1 200 OK"
2025-10-25 09:03:38: INFO:httpx:HTTP Request: POST https://api.telegram.org/bot8154094611:AAFF2uibjzso6VHqGkgEtf17l1L7MnOZ1nY/getUpdates "HTTP/1.1 200 OK"
2025-10-25 09:03:38: INFO:httpx:HTTP Request: POST https://api.telegram.org/bot8154094611:AAFF2uibjzso6VHqGkgEtf17l1L7MnOZ1nY/answerCallbackQuery "HTTP/1.1 200 OK"
2025-10-25 09:03:39: INFO:httpx:HTTP Request: POST https://api.telegram.org/bot8154094611:AAFF2uibjzso6VHqGkgEtf17l1L7MnOZ1nY/sendMessage "HTTP/1.1 200 OK"
2025-10-25 09:03:40: INFO:httpx:HTTP Request: POST https://api.telegram.org/bot8154094611:AAFF2uibjzso6VHqGkgEtf17l1L7MnOZ1nY/getUpdates "HTTP/1.1 200 OK"
2025-10-25 09:03:40: INFO:httpx:HTTP Request: POST https://api.telegram.org/bot8154094611:AAFF2uibjzso6VHqGkgEtf17l1L7MnOZ1nY/answerCallbackQuery "HTTP/1.1 200 OK"
2025-10-25 09:03:40: INFO:__main__:🔍 view_pending_requests called - fetching ALL pending requests
2025-10-25 09:03:40: INFO:__main__:🔍 Fetching all pending withdrawal requests...
2025-10-25 09:03:40: INFO:__main__:📊 Found 0 pending withdrawal requests
2025-10-25 09:03:40: INFO:__main__:📊 Retrieved 0 total pending requests
2025-10-25 09:03:40: INFO:__main__:📝 No requests found for current page
2025-10-25 09:03:40: INFO:httpx:HTTP Request: POST https://api.telegram.org/bot8154094611:AAFF2uibjzso6VHqGkgEtf17l1L7MnOZ1nY/sendMessage "HTTP/1.1 200 OK"
2025-10-25 09:03:42: INFO:httpx:HTTP Request: POST https://api.telegram.org/bot8154094611:AAFF2uibjzso6VHqGkgEtf17l1L7MnOZ1nY/getUpdates "HTTP/1.1 200 OK"
2025-10-25 09:03:42: INFO:httpx:HTTP Request: POST https://api.telegram.org/bot8154094611:AAFF2uibjzso6VHqGkgEtf17l1L7MnOZ1nY/answerCallbackQuery "HTTP/1.1 200 OK"
2025-10-25 09:03:42: INFO:httpx:HTTP Request: POST https://api.telegram.org/bot8154094611:AAFF2uibjzso6VHqGkgEtf17l1L7MnOZ1nY/sendMessage "HTTP/1.1 200 OK"
2025-10-25 09:03:43: INFO:httpx:HTTP Request: POST https://api.telegram.org/bot8154094611:AAFF2uibjzso6VHqGkgEtf17l1L7MnOZ1nY/getUpdates "HTTP/1.1 200 OK"
2025-10-25 09:03:43: INFO:httpx:HTTP Request: POST https://api.telegram.org/bot8154094611:AAFF2uibjzso6VHqGkgEtf17l1L7MnOZ1nY/answerCallbackQuery "HTTP/1.1 200 OK"
2025-10-25 09:03:44: INFO:httpx:HTTP Request: POST https://api.telegram.org/bot8154094611:AAFF2uibjzso6VHqGkgEtf17l1L7MnOZ1nY/sendMessage "HTTP/1.1 200 OK"
2025-10-25 09:03:53: INFO:httpx:HTTP Request: POST https://api.telegram.org/bot8154094611:AAFF2uibjzso6VHqGkgEtf17l1L7MnOZ1nY/getUpdates "HTTP/1.1 200 OK"
2025-10-25 09:04:03: INFO:httpx:HTTP Request: POST https://api.telegram.org/bot8154094611:AAFF2uibjzso6VHqGkgEtf17l1L7MnOZ1nY/getUpdates "HTTP/1.1 200 OK"
2025-10-25 09:04:13: INFO:httpx:HTTP Request: POST https://api.telegram.org/bot8154094611:AAFF2uibjzso6VHqGkgEtf17l1L7MnOZ1nY/getUpdates "HTTP/1.1 200 OK"
2025-10-25 09:04:23: INFO:httpx:HTTP Request: POST https://api.telegram.org/bot8154094611:AAFF2uibjzso6VHqGkgEtf17l1L7MnOZ1nY/getUpdates "HTTP/1.1 200 OK"
2025-10-25 09:04:33: INFO:httpx:HTTP Request: POST https://api.telegram.org/bot8154094611:AAFF2uibjzso6VHqGkgEtf17l1L7MnOZ1nY/getUpdates "HTTP/1.1 200 OK"
2025-10-25 09:04:43: INFO:httpx:HTTP Request: POST https://api.telegram.org/bot8154094611:AAFF2uibjzso6VHqGkgEtf17l1L7MnOZ1nY/getUpdates "HTTP/1.1 200 OK"
2025-10-25 09:04:53: INFO:httpx:HTTP Request: POST https://api.telegram.org/bot8154094611:AAFF2uibjzso6VHqGkgEtf17l1L7MnOZ1nY/getUpdates "HTTP/1.1 200 OK"
2025-10-25 09:05:03: INFO:httpx:HTTP Request: POST https://api.telegram.org/bot8154094611:AAFF2uibjzso6VHqGkgEtf17l1L7MnOZ1nY/getUpdates "HTTP/1.1 200 OK"
2025-10-25 09:05:13: INFO:httpx:HTTP Request: POST https://api.telegram.org/bot8154094611:AAFF2uibjzso6VHqGkgEtf17l1L7MnOZ1nY/getUpdates "HTTP/1.1 200 OK"
2025-10-25 09:05:23: INFO:httpx:HTTP Request: POST https://api.telegram.org/bot8154094611:AAFF2uibjzso6VHqGkgEtf17l1L7MnOZ1nY/getUpdates "HTTP/1.1 200 OK"
2025-10-25 09:05:33: INFO:httpx:HTTP Request: POST https://api.telegram.org/bot8154094611:AAFF2uibjzso6VHqGkgEtf17l1L7MnOZ1nY/getUpdates "HTTP/1.1 200 OK"
2025-10-25 09:05:44: INFO:httpx:HTTP Request: POST https://api.telegram.org/bot8154094611:AAFF2uibjzso6VHqGkgEtf17l1L7MnOZ1nY/getUpdates "HTTP/1.1 200 OK"
2025-10-25 09:05:54: INFO:httpx:HTTP Request: POST https://api.telegram.org/bot8154094611:AAFF2uibjzso6VHqGkgEtf17l1L7MnOZ1nY/getUpdates "HTTP/1.1 200 OK"
2025-10-25 09:06:04: INFO:httpx:HTTP Request: POST https://api.telegram.org/bot8154094611:AAFF2uibjzso6VHqGkgEtf17l1L7MnOZ1nY/getUpdates "HTTP/1.1 200 OK"
2025-10-25 09:06:14: INFO:httpx:HTTP Request: POST https://api.telegram.org/bot8154094611:AAFF2uibjzso6VHqGkgEtf17l1L7MnOZ1nY/getUpdates "HTTP/1.1 200 OK"
2025-10-25 09:06:24: INFO:httpx:HTTP Request: POST https://api.telegram.org/bot8154094611:AAFF2uibjzso6VHqGkgEtf17l1L7MnOZ1nY/getUpdates "HTTP/1.1 200 OK"
2025-10-25 09:06:34: INFO:httpx:HTTP Request: POST https://api.telegram.org/bot8154094611:AAFF2uibjzso6VHqGkgEtf17l1L7MnOZ1nY/getUpdates "HTTP/1.1 200 OK"
2025-10-25 09:06:44: INFO:httpx:HTTP Request: POST https://api.telegram.org/bot8154094611:AAFF2uibjzso6VHqGkgEtf17l1L7MnOZ1nY/getUpdates "HTTP/1.1 200 OK"
2025-10-25 09:06:54: INFO:httpx:HTTP Request: POST https://api.telegram.org/bot8154094611:AAFF2uibjzso6VHqGkgEtf17l1L7MnOZ1nY/getUpdates "HTTP/1.1 200 OK"
2025-10-25 09:07:04: INFO:httpx:HTTP Request: POST https://api.telegram.org/bot8154094611:AAFF2uibjzso6VHqGkgEtf17l1L7MnOZ1nY/getUpdates "HTTP/1.1 200 OK"
2025-10-25 09:07:14: INFO:httpx:HTTP Request: POST https://api.telegram.org/bot8154094611:AAFF2uibjzso6VHqGkgEtf17l1L7MnOZ1nY/getUpdates "HTTP/1.1 200 OK"
2025-10-25 09:07:24: INFO:httpx:HTTP Request: POST https://api.telegram.org/bot8154094611:AAFF2uibjzso6VHqGkgEtf17l1L7MnOZ1nY/getUpdates "HTTP/1.1 200 OK"
2025-10-25 09:07:34: INFO:httpx:HTTP Request: POST https://api.telegram.org/bot8154094611:AAFF2uibjzso6VHqGkgEtf17l1L7MnOZ1nY/getUpdates "HTTP/1.1 200 OK"
2025-10-25 09:07:44: INFO:httpx:HTTP Request: POST https://api.telegram.org/bot8154094611:AAFF2uibjzso6VHqGkgEtf17l1L7MnOZ1nY/getUpdates "HTTP/1.1 200 OK"
2025-10-25 09:07:54: INFO:httpx:HTTP Request: POST https://api.telegram.org/bot8154094611:AAFF2uibjzso6VHqGkgEtf17l1L7MnOZ1nY/getUpdates "HTTP/1.1 200 OK"
2025-10-25 09:08:04: INFO:httpx:HTTP Request: POST https://api.telegram.org/bot8154094611:AAFF2uibjzso6VHqGkgEtf17l1L7MnOZ1nY/getUpdates "HTTP/1.1 200 OK"
2025-10-25 09:08:14: INFO:httpx:HTTP Request: POST https://api.telegram.org/bot8154094611:AAFF2uibjzso6VHqGkgEtf17l1L7MnOZ1nY/getUpdates "HTTP/1.1 200 OK"
2025-10-25 09:08:24: INFO:httpx:HTTP Request: POST https://api.telegram.org/bot8154094611:AAFF2uibjzso6VHqGkgEtf17l1L7MnOZ1nY/getUpdates "HTTP/1.1 200 OK"
2025-10-25 09:08:34: INFO:httpx:HTTP Request: POST https://api.telegram.org/bot8154094611:AAFF2uibjzso6VHqGkgEtf17l1L7MnOZ1nY/getUpdates "HTTP/1.1 200 OK"
2025-10-25 09:08:44: INFO:httpx:HTTP Request: POST https://api.telegram.org/bot8154094611:AAFF2uibjzso6VHqGkgEtf17l1L7MnOZ1nY/getUpdates "HTTP/1.1 200 OK"
2025-10-25 09:08:54: INFO:httpx:HTTP Request: POST https://api.telegram.org/bot8154094611:AAFF2uibjzso6VHqGkgEtf17l1L7MnOZ1nY/getUpdates "HTTP/1.1 200 OK"
2025-10-25 09:09:04: INFO:httpx:HTTP Request: POST https://api.telegram.org/bot8154094611:AAFF2uibjzso6VHqGkgEtf17l1L7MnOZ1nY/getUpdates "HTTP/1.1 200 OK"
2025-10-25 09:09:14: INFO:httpx:HTTP Request: POST https://api.telegram.org/bot8154094611:AAFF2uibjzso6VHqGkgEtf17l1L7MnOZ1nY/getUpdates "HTTP/1.1 200 OK"
2025-10-25 09:09:24: INFO:httpx:HTTP Request: POST https://api.telegram.org/bot8154094611:AAFF2uibjzso6VHqGkgEtf17l1L7MnOZ1nY/getUpdates "HTTP/1.1 200 OK"
2025-10-25 09:09:34: INFO:httpx:HTTP Request: POST https://api.telegram.org/bot8154094611:AAFF2uibjzso6VHqGkgEtf17l1L7MnOZ1nY/getUpdates "HTTP/1.1 200 OK"
2025-10-25 09:09:44: INFO:httpx:HTTP Request: POST https://api.telegram.org/bot8154094611:AAFF2uibjzso6VHqGkgEtf17l1L7MnOZ1nY/getUpdates "HTTP/1.1 200 OK"
2025-10-25 09:09:54: INFO:httpx:HTTP Request: POST https://api.telegram.org/bot8154094611:AAFF2uibjzso6VHqGkgEtf17l1L7MnOZ1nY/getUpdates "HTTP/1.1 200 OK"
2025-10-25 09:10:04: INFO:httpx:HTTP Request: POST https://api.telegram.org/bot8154094611:AAFF2uibjzso6VHqGkgEtf17l1L7MnOZ1nY/getUpdates "HTTP/1.1 200 OK"
2025-10-25 09:10:14: INFO:httpx:HTTP Request: POST https://api.telegram.org/bot8154094611:AAFF2uibjzso6VHqGkgEtf17l1L7MnOZ1nY/getUpdates "HTTP/1.1 200 OK"
2025-10-25 09:10:24: INFO:httpx:HTTP Request: POST https://api.telegram.org/bot8154094611:AAFF2uibjzso6VHqGkgEtf17l1L7MnOZ1nY/getUpdates "HTTP/1.1 200 OK"
2025-10-25 09:10:34: INFO:httpx:HTTP Request: POST https://api.telegram.org/bot8154094611:AAFF2uibjzso6VHqGkgEtf17l1L7MnOZ1nY/getUpdates "HTTP/1.1 200 OK"
2025-10-25 09:10:44: INFO:httpx:HTTP Request: POST https://api.telegram.org/bot8154094611:AAFF2uibjzso6VHqGkgEtf17l1L7MnOZ1nY/getUpdates "HTTP/1.1 200 OK"
2025-10-25 09:10:54: INFO:httpx:HTTP Request: POST https://api.telegram.org/bot8154094611:AAFF2uibjzso6VHqGkgEtf17l1L7MnOZ1nY/getUpdates "HTTP/1.1 200 OK"
2025-10-25 09:11:04: INFO:httpx:HTTP Request: POST https://api.telegram.org/bot8154094611:AAFF2uibjzso6VHqGkgEtf17l1L7MnOZ1nY/getUpdates "HTTP/1.1 200 OK"
2025-10-25 09:11:14: INFO:httpx:HTTP Request: POST https://api.telegram.org/bot8154094611:AAFF2uibjzso6VHqGkgEtf17l1L7MnOZ1nY/getUpdates "HTTP/1.1 200 OK"
2025-10-25 09:11:24: INFO:httpx:HTTP Request: POST https://api.telegram.org/bot8154094611:AAFF2uibjzso6VHqGkgEtf17l1L7MnOZ1nY/getUpdates "HTTP/1.1 200 OK"
2025-10-25 09:11:34: INFO:httpx:HTTP Request: POST https://api.telegram.org/bot8154094611:AAFF2uibjzso6VHqGkgEtf17l1L7MnOZ1nY/getUpdates "HTTP/1.1 200 OK"
2025-10-25 09:11:44: INFO:httpx:HTTP Request: POST https://api.telegram.org/bot8154094611:AAFF2uibjzso6VHqGkgEtf17l1L7MnOZ1nY/getUpdates "HTTP/1.1 200 OK"
2025-10-25 09:11:54: INFO:httpx:HTTP Request: POST https://api.telegram.org/bot8154094611:AAFF2uibjzso6VHqGkgEtf17l1L7MnOZ1nY/getUpdates "HTTP/1.1 200 OK"
2025-10-25 09:12:04: INFO:httpx:HTTP Request: POST https://api.telegram.org/bot8154094611:AAFF2uibjzso6VHqGkgEtf17l1L7MnOZ1nY/getUpdates "HTTP/1.1 200 OK"
2025-10-25 09:12:15: INFO:httpx:HTTP Request: POST https://api.telegram.org/bot8154094611:AAFF2uibjzso6VHqGkgEtf17l1L7MnOZ1nY/getUpdates "HTTP/1.1 200 OK"
2025-10-25 09:12:25: INFO:httpx:HTTP Request: POST https://api.telegram.org/bot8154094611:AAFF2uibjzso6VHqGkgEtf17l1L7MnOZ1nY/getUpdates "HTTP/1.1 200 OK"
2025-10-25 09:12:35: INFO:httpx:HTTP Request: POST https://api.telegram.org/bot8154094611:AAFF2uibjzso6VHqGkgEtf17l1L7MnOZ1nY/getUpdates "HTTP/1.1 200 OK"
2025-10-25 09:12:45: INFO:httpx:HTTP Request: POST https://api.telegram.org/bot8154094611:AAFF2uibjzso6VHqGkgEtf17l1L7MnOZ1nY/getUpdates "HTTP/1.1 200 OK"
2025-10-25 09:12:55: INFO:httpx:HTTP Request: POST https://api.telegram.org/bot8154094611:AAFF2uibjzso6VHqGkgEtf17l1L7MnOZ1nY/getUpdates "HTTP/1.1 200 OK"
2025-10-25 09:13:05: INFO:httpx:HTTP Request: POST https://api.telegram.org/bot8154094611:AAFF2uibjzso6VHqGkgEtf17l1L7MnOZ1nY/getUpdates "HTTP/1.1 200 OK"
2025-10-25 09:13:15: INFO:httpx:HTTP Request: POST https://api.telegram.org/bot8154094611:AAFF2uibjzso6VHqGkgEtf17l1L7MnOZ1nY/getUpdates "HTTP/1.1 200 OK"
2025-10-25 09:13:25: INFO:httpx:HTTP Request: POST https://api.telegram.org/bot8154094611:AAFF2uibjzso6VHqGkgEtf17l1L7MnOZ1nY/getUpdates "HTTP/1.1 200 OK"
2025-10-25 09:13:35: INFO:httpx:HTTP Request: POST https://api.telegram.org/bot8154094611:AAFF2uibjzso6VHqGkgEtf17l1L7MnOZ1nY/getUpdates "HTTP/1.1 200 OK"
2025-10-25 09:13:45: INFO:httpx:HTTP Request: POST https://api.telegram.org/bot8154094611:AAFF2uibjzso6VHqGkgEtf17l1L7MnOZ1nY/getUpdates "HTTP/1.1 200 OK"
2025-10-25 09:13:55: INFO:httpx:HTTP Request: POST https://api.telegram.org/bot8154094611:AAFF2uibjzso6VHqGkgEtf17l1L7MnOZ1nY/getUpdates "HTTP/1.1 200 OK"
2025-10-25 09:14:05: INFO:httpx:HTTP Request: POST https://api.telegram.org/bot8154094611:AAFF2uibjzso6VHqGkgEtf17l1L7MnOZ1nY/getUpdates "HTTP/1.1 200 OK"
2025-10-25 09:14:15: INFO:httpx:HTTP Request: POST https://api.telegram.org/bot8154094611:AAFF2uibjzso6VHqGkgEtf17l1L7MnOZ1nY/getUpdates "HTTP/1.1 200 OK"
2025-10-25 09:14:25: INFO:httpx:HTTP Request: POST https://api.telegram.org/bot8154094611:AAFF2uibjzso6VHqGkgEtf17l1L7MnOZ1nY/getUpdates "HTTP/1.1 200 OK"
2025-10-25 09:14:35: INFO:httpx:HTTP Request: POST https://api.telegram.org/bot8154094611:AAFF2uibjzso6VHqGkgEtf17l1L7MnOZ1nY/getUpdates "HTTP/1.1 200 OK"
2025-10-25 09:14:45: INFO:httpx:HTTP Request: POST https://api.telegram.org/bot8154094611:AAFF2uibjzso6VHqGkgEtf17l1L7MnOZ1nY/getUpdates "HTTP/1.1 200 OK"
2025-10-25 09:14:55: INFO:httpx:HTTP Request: POST https://api.telegram.org/bot8154094611:AAFF2uibjzso6VHqGkgEtf17l1L7MnOZ1nY/getUpdates "HTTP/1.1 200 OK"
2025-10-25 09:15:05: INFO:httpx:HTTP Request: POST https://api.telegram.org/bot8154094611:AAFF2uibjzso6VHqGkgEtf17l1L7MnOZ1nY/getUpdates "HTTP/1.1 200 OK"
2025-10-25 09:15:15: INFO:httpx:HTTP Request: POST https://api.telegram.org/bot8154094611:AAFF2uibjzso6VHqGkgEtf17l1L7MnOZ1nY/getUpdates "HTTP/1.1 200 OK"
2025-10-25 09:15:25: INFO:httpx:HTTP Request: POST https://api.telegram.org/bot8154094611:AAFF2uibjzso6VHqGkgEtf17l1L7MnOZ1nY/getUpdates "HTTP/1.1 200 OK"
2025-10-25 09:15:35: INFO:httpx:HTTP Request: POST https://api.telegram.org/bot8154094611:AAFF2uibjzso6VHqGkgEtf17l1L7MnOZ1nY/getUpdates "HTTP/1.1 200 OK"
2025-10-25 09:15:45: INFO:httpx:HTTP Request: POST https://api.telegram.org/bot8154094611:AAFF2uibjzso6VHqGkgEtf17l1L7MnOZ1nY/getUpdates "HTTP/1.1 200 OK"
2025-10-25 09:15:55: INFO:httpx:HTTP Request: POST https://api.telegram.org/bot8154094611:AAFF2uibjzso6VHqGkgEtf17l1L7MnOZ1nY/getUpdates "HTTP/1.1 200 OK"
2025-10-25 09:16:05: INFO:httpx:HTTP Request: POST https://api.telegram.org/bot8154094611:AAFF2uibjzso6VHqGkgEtf17l1L7MnOZ1nY/getUpdates "HTTP/1.1 200 OK"
2025-10-25 09:16:15: INFO:httpx:HTTP Request: POST https://api.telegram.org/bot8154094611:AAFF2uibjzso6VHqGkgEtf17l1L7MnOZ1nY/getUpdates "HTTP/1.1 200 OK"
2025-10-25 09:16:25: INFO:httpx:HTTP Request: POST https://api.telegram.org/bot8154094611:AAFF2uibjzso6VHqGkgEtf17l1L7MnOZ1nY/getUpdates "HTTP/1.1 200 OK"
2025-10-25 09:16:35: INFO:httpx:HTTP Request: POST https://api.telegram.org/bot8154094611:AAFF2uibjzso6VHqGkgEtf17l1L7MnOZ1nY/getUpdates "HTTP/1.1 200 OK"
2025-10-25 09:16:45: INFO:httpx:HTTP Request: POST https://api.telegram.org/bot8154094611:AAFF2uibjzso6VHqGkgEtf17l1L7MnOZ1nY/getUpdates "HTTP/1.1 200 OK"
2025-10-25 09:16:55: INFO:httpx:HTTP Request: POST https://api.telegram.org/bot8154094611:AAFF2uibjzso6VHqGkgEtf17l1L7MnOZ1nY/getUpdates "HTTP/1.1 200 OK"
2025-10-25 09:17:05: INFO:httpx:HTTP Request: POST https://api.telegram.org/bot8154094611:AAFF2uibjzso6VHqGkgEtf17l1L7MnOZ1nY/getUpdates "HTTP/1.1 200 OK"
2025-10-25 09:17:15: INFO:httpx:HTTP Request: POST https://api.telegram.org/bot8154094611:AAFF2uibjzso6VHqGkgEtf17l1L7MnOZ1nY/getUpdates "HTTP/1.1 200 OK"
2025-10-25 09:17:25: INFO:httpx:HTTP Request: POST https://api.telegram.org/bot8154094611:AAFF2uibjzso6VHqGkgEtf17l1L7MnOZ1nY/getUpdates "HTTP/1.1 200 OK"
2025-10-25 09:17:35: INFO:httpx:HTTP Request: POST https://api.telegram.org/bot8154094611:AAFF2uibjzso6VHqGkgEtf17l1L7MnOZ1nY/getUpdates "HTTP/1.1 200 OK"
2025-10-25 09:17:45: INFO:httpx:HTTP Request: POST https://api.telegram.org/bot8154094611:AAFF2uibjzso6VHqGkgEtf17l1L7MnOZ1nY/getUpdates "HTTP/1.1 200 OK"
2025-10-25 09:17:55: INFO:httpx:HTTP Request: POST https://api.telegram.org/bot8154094611:AAFF2uibjzso6VHqGkgEtf17l1L7MnOZ1nY/getUpdates "HTTP/1.1 200 OK"
2025-10-25 09:18:05: INFO:httpx:HTTP Request: POST https://api.telegram.org/bot8154094611:AAFF2uibjzso6VHqGkgEtf17l1L7MnOZ1nY/getUpdates "HTTP/1.1 200 OK"
2025-10-25 09:18:15: INFO:httpx:HTTP Request: POST https://api.telegram.org/bot8154094611:AAFF2uibjzso6VHqGkgEtf17l1L7MnOZ1nY/getUpdates "HTTP/1.1 200 OK"
2025-10-25 09:18:25: INFO:httpx:HTTP Request: POST https://api.telegram.org/bot8154094611:AAFF2uibjzso6VHqGkgEtf17l1L7MnOZ1nY/getUpdates "HTTP/1.1 200 OK"
2025-10-25 09:18:36: INFO:httpx:HTTP Request: POST https://api.telegram.org/bot8154094611:AAFF2uibjzso6VHqGkgEtf17l1L7MnOZ1nY/getUpdates "HTTP/1.1 200 OK"
2025-10-25 09:18:46: INFO:httpx:HTTP Request: POST https://api.telegram.org/bot8154094611:AAFF2uibjzso6VHqGkgEtf17l1L7MnOZ1nY/getUpdates "HTTP/1.1 200 OK"
2025-10-25 09:18:56: INFO:httpx:HTTP Request: POST https://api.telegram.org/bot8154094611:AAFF2uibjzso6VHqGkgEtf17l1L7MnOZ1nY/getUpdates "HTTP/1.1 200 OK"
2025-10-25 09:19:06: INFO:httpx:HTTP Request: POST https://api.telegram.org/bot8154094611:AAFF2uibjzso6VHqGkgEtf17l1L7MnOZ1nY/getUpdates "HTTP/1.1 200 OK"
2025-10-25 09:19:16: INFO:httpx:HTTP Request: POST https://api.telegram.org/bot8154094611:AAFF2uibjzso6VHqGkgEtf17l1L7MnOZ1nY/getUpdates "HTTP/1.1 200 OK"
2025-10-25 09:19:26: INFO:httpx:HTTP Request: POST https://api.telegram.org/bot8154094611:AAFF2uibjzso6VHqGkgEtf17l1L7MnOZ1nY/getUpdates "HTTP/1.1 200 OK"
2025-10-25 09:19:36: INFO:httpx:HTTP Request: POST https://api.telegram.org/bot8154094611:AAFF2uibjzso6VHqGkgEtf17l1L7MnOZ1nY/getUpdates "HTTP/1.1 200 OK"
2025-10-25 09:19:46: INFO:httpx:HTTP Request: POST https://api.telegram.org/bot8154094611:AAFF2uibjzso6VHqGkgEtf17l1L7MnOZ1nY/getUpdates "HTTP/1.1 200 OK"
2025-10-25 09:19:56: INFO:httpx:HTTP Request: POST https://api.telegram.org/bot8154094611:AAFF2uibjzso6VHqGkgEtf17l1L7MnOZ1nY/getUpdates "HTTP/1.1 200 OK"
2025-10-25 09:20:06: INFO:httpx:HTTP Request: POST https://api.telegram.org/bot8154094611:AAFF2uibjzso6VHqGkgEtf17l1L7MnOZ1nY/getUpdates "HTTP/1.1 200 OK"
2025-10-25 09:20:16: INFO:httpx:HTTP Request: POST https://api.telegram.org/bot8154094611:AAFF2uibjzso6VHqGkgEtf17l1L7MnOZ1nY/getUpdates "HTTP/1.1 200 OK"
2025-10-25 09:20:26: INFO:httpx:HTTP Request: POST https://api.telegram.org/bot8154094611:AAFF2uibjzso6VHqGkgEtf17l1L7MnOZ1nY/getUpdates "HTTP/1.1 200 OK"
2025-10-25 09:20:36: INFO:httpx:HTTP Request: POST https://api.telegram.org/bot8154094611:AAFF2uibjzso6VHqGkgEtf17l1L7MnOZ1nY/getUpdates "HTTP/1.1 200 OK"
2025-10-25 09:20:46: INFO:httpx:HTTP Request: POST https://api.telegram.org/bot8154094611:AAFF2uibjzso6VHqGkgEtf17l1L7MnOZ1nY/getUpdates "HTTP/1.1 200 OK"
2025-10-25 09:20:56: INFO:httpx:HTTP Request: POST https://api.telegram.org/bot8154094611:AAFF2uibjzso6VHqGkgEtf17l1L7MnOZ1nY/getUpdates "HTTP/1.1 200 OK"
2025-10-25 09:21:06: INFO:httpx:HTTP Request: POST https://api.telegram.org/bot8154094611:AAFF2uibjzso6VHqGkgEtf17l1L7MnOZ1nY/getUpdates "HTTP/1.1 200 OK"
2025-10-25 09:21:16: INFO:httpx:HTTP Request: POST https://api.telegram.org/bot8154094611:AAFF2uibjzso6VHqGkgEtf17l1L7MnOZ1nY/getUpdates "HTTP/1.1 200 OK"
2025-10-25 09:21:26: INFO:httpx:HTTP Request: POST https://api.telegram.org/bot8154094611:AAFF2uibjzso6VHqGkgEtf17l1L7MnOZ1nY/getUpdates "HTTP/1.1 200 OK"
2025-10-25 09:21:36: INFO:httpx:HTTP Request: POST https://api.telegram.org/bot8154094611:AAFF2uibjzso6VHqGkgEtf17l1L7MnOZ1nY/getUpdates "HTTP/1.1 200 OK"
2025-10-25 09:21:46: INFO:httpx:HTTP Request: POST https://api.telegram.org/bot8154094611:AAFF2uibjzso6VHqGkgEtf17l1L7MnOZ1nY/getUpdates "HTTP/1.1 200 OK"
2025-10-25 09:21:56: INFO:httpx:HTTP Request: POST https://api.telegram.org/bot8154094611:AAFF2uibjzso6VHqGkgEtf17l1L7MnOZ1nY/getUpdates "HTTP/1.1 200 OK"
2025-10-25 09:22:06: INFO:httpx:HTTP Request: POST https://api.telegram.org/bot8154094611:AAFF2uibjzso6VHqGkgEtf17l1L7MnOZ1nY/getUpdates "HTTP/1.1 200 OK"
2025-10-25 09:22:16: INFO:httpx:HTTP Request: POST https://api.telegram.org/bot8154094611:AAFF2uibjzso6VHqGkgEtf17l1L7MnOZ1nY/getUpdates "HTTP/1.1 200 OK"
2025-10-25 09:22:26: INFO:httpx:HTTP Request: POST https://api.telegram.org/bot8154094611:AAFF2uibjzso6VHqGkgEtf17l1L7MnOZ1nY/getUpdates "HTTP/1.1 200 OK"
2025-10-25 09:22:36: INFO:httpx:HTTP Request: POST https://api.telegram.org/bot8154094611:AAFF2uibjzso6VHqGkgEtf17l1L7MnOZ1nY/getUpdates "HTTP/1.1 200 OK"
2025-10-25 09:22:46: INFO:httpx:HTTP Request: POST https://api.telegram.org/bot8154094611:AAFF2uibjzso6VHqGkgEtf17l1L7MnOZ1nY/getUpdates "HTTP/1.1 200 OK"
2025-10-25 09:22:56: INFO:httpx:HTTP Request: POST https://api.telegram.org/bot8154094611:AAFF2uibjzso6VHqGkgEtf17l1L7MnOZ1nY/getUpdates "HTTP/1.1 200 OK"
2025-10-25 09:23:06: INFO:httpx:HTTP Request: POST https://api.telegram.org/bot8154094611:AAFF2uibjzso6VHqGkgEtf17l1L7MnOZ1nY/getUpdates "HTTP/1.1 200 OK"
2025-10-25 09:23:16: INFO:httpx:HTTP Request: POST https://api.telegram.org/bot8154094611:AAFF2uibjzso6VHqGkgEtf17l1L7MnOZ1nY/getUpdates "HTTP/1.1 200 OK"
2025-10-25 09:23:26: INFO:httpx:HTTP Request: POST https://api.telegram.org/bot8154094611:AAFF2uibjzso6VHqGkgEtf17l1L7MnOZ1nY/getUpdates "HTTP/1.1 200 OK"
2025-10-25 09:23:36: INFO:httpx:HTTP Request: POST https://api.telegram.org/bot8154094611:AAFF2uibjzso6VHqGkgEtf17l1L7MnOZ1nY/getUpdates "HTTP/1.1 200 OK"
2025-10-25 09:23:46: INFO:httpx:HTTP Request: POST https://api.telegram.org/bot8154094611:AAFF2uibjzso6VHqGkgEtf17l1L7MnOZ1nY/getUpdates "HTTP/1.1 200 OK"
2025-10-25 09:23:56: INFO:httpx:HTTP Request: POST https://api.telegram.org/bot8154094611:AAFF2uibjzso6VHqGkgEtf17l1L7MnOZ1nY/getUpdates "HTTP/1.1 200 OK"
2025-10-25 09:24:06: INFO:httpx:HTTP Request: POST https://api.telegram.org/bot8154094611:AAFF2uibjzso6VHqGkgEtf17l1L7MnOZ1nY/getUpdates "HTTP/1.1 200 OK"
2025-10-25 09:24:16: INFO:httpx:HTTP Request: POST https://api.telegram.org/bot8154094611:AAFF2uibjzso6VHqGkgEtf17l1L7MnOZ1nY/getUpdates "HTTP/1.1 200 OK"
2025-10-25 09:24:26: INFO:httpx:HTTP Request: POST https://api.telegram.org/bot8154094611:AAFF2uibjzso6VHqGkgEtf17l1L7MnOZ1nY/getUpdates "HTTP/1.1 200 OK"
2025-10-25 09:24:36: INFO:httpx:HTTP Request: POST https://api.telegram.org/bot8154094611:AAFF2uibjzso6VHqGkgEtf17l1L7MnOZ1nY/getUpdates "HTTP/1.1 200 OK"
2025-10-25 09:24:46: INFO:httpx:HTTP Request: POST https://api.telegram.org/bot8154094611:AAFF2uibjzso6VHqGkgEtf17l1L7MnOZ1nY/getUpdates "HTTP/1.1 200 OK"
2025-10-25 09:24:56: INFO:httpx:HTTP Request: POST https://api.telegram.org/bot8154094611:AAFF2uibjzso6VHqGkgEtf17l1L7MnOZ1nY/getUpdates "HTTP/1.1 200 OK"
2025-10-25 09:25:06: INFO:httpx:HTTP Request: POST https://api.telegram.org/bot8154094611:AAFF2uibjzso6VHqGkgEtf17l1L7MnOZ1nY/getUpdates "HTTP/1.1 200 OK"
2025-10-25 09:25:17: INFO:httpx:HTTP Request: POST https://api.telegram.org/bot8154094611:AAFF2uibjzso6VHqGkgEtf17l1L7MnOZ1nY/getUpdates "HTTP/1.1 200 OK"
2025-10-25 09:25:27: INFO:httpx:HTTP Request: POST https://api.telegram.org/bot8154094611:AAFF2uibjzso6VHqGkgEtf17l1L7MnOZ1nY/getUpdates "HTTP/1.1 200 OK"
2025-10-25 09:25:37: INFO:httpx:HTTP Request: POST https://api.telegram.org/bot8154094611:AAFF2uibjzso6VHqGkgEtf17l1L7MnOZ1nY/getUpdates "HTTP/1.1 200 OK"
2025-10-25 09:25:47: INFO:httpx:HTTP Request: POST https://api.telegram.org/bot8154094611:AAFF2uibjzso6VHqGkgEtf17l1L7MnOZ1nY/getUpdates "HTTP/1.1 200 OK"
2025-10-25 09:25:57: INFO:httpx:HTTP Request: POST https://api.telegram.org/bot8154094611:AAFF2uibjzso6VHqGkgEtf17l1L7MnOZ1nY/getUpdates "HTTP/1.1 200 OK"
2025-10-25 09:26:07: INFO:httpx:HTTP Request: POST https://api.telegram.org/bot8154094611:AAFF2uibjzso6VHqGkgEtf17l1L7MnOZ1nY/getUpdates "HTTP/1.1 200 OK"
2025-10-25 09:26:17: INFO:httpx:HTTP Request: POST https://api.telegram.org/bot8154094611:AAFF2uibjzso6VHqGkgEtf17l1L7MnOZ1nY/getUpdates "HTTP/1.1 200 OK"
2025-10-25 09:26:27: INFO:httpx:HTTP Request: POST https://api.telegram.org/bot8154094611:AAFF2uibjzso6VHqGkgEtf17l1L7MnOZ1nY/getUpdates "HTTP/1.1 200 OK"
2025-10-25 09:26:37: INFO:httpx:HTTP Request: POST https://api.telegram.org/bot8154094611:AAFF2uibjzso6VHqGkgEtf17l1L7MnOZ1nY/getUpdates "HTTP/1.1 200 OK"
2025-10-25 09:26:47: INFO:httpx:HTTP Request: POST https://api.telegram.org/bot8154094611:AAFF2uibjzso6VHqGkgEtf17l1L7MnOZ1nY/getUpdates "HTTP/1.1 200 OK"
2025-10-25 09:26:57: INFO:httpx:HTTP Request: POST https://api.telegram.org/bot8154094611:AAFF2uibjzso6VHqGkgEtf17l1L7MnOZ1nY/getUpdates "HTTP/1.1 200 OK"
2025-10-25 09:27:07: INFO:httpx:HTTP Request: POST https://api.telegram.org/bot8154094611:AAFF2uibjzso6VHqGkgEtf17l1L7MnOZ1nY/getUpdates "HTTP/1.1 200 OK"
2025-10-25 09:27:17: INFO:httpx:HTTP Request: POST https://api.telegram.org/bot8154094611:AAFF2uibjzso6VHqGkgEtf17l1L7MnOZ1nY/getUpdates "HTTP/1.1 200 OK"
2025-10-25 09:27:27: INFO:httpx:HTTP Request: POST https://api.telegram.org/bot8154094611:AAFF2uibjzso6VHqGkgEtf17l1L7MnOZ1nY/getUpdates "HTTP/1.1 200 OK"
2025-10-25 09:27:37: INFO:httpx:HTTP Request: POST https://api.telegram.org/bot8154094611:AAFF2uibjzso6VHqGkgEtf17l1L7MnOZ1nY/getUpdates "HTTP/1.1 200 OK"
2025-10-25 09:27:47: INFO:httpx:HTTP Request: POST https://api.telegram.org/bot8154094611:AAFF2uibjzso6VHqGkgEtf17l1L7MnOZ1nY/getUpdates "HTTP/1.1 200 OK"
2025-10-25 09:27:57: INFO:httpx:HTTP Request: POST https://api.telegram.org/bot8154094611:AAFF2uibjzso6VHqGkgEtf17l1L7MnOZ1nY/getUpdates "HTTP/1.1 200 OK"
2025-10-25 09:28:07: INFO:httpx:HTTP Request: POST https://api.telegram.org/bot8154094611:AAFF2uibjzso6VHqGkgEtf17l1L7MnOZ1nY/getUpdates "HTTP/1.1 200 OK"
2025-10-25 09:28:17: INFO:httpx:HTTP Request: POST https://api.telegram.org/bot8154094611:AAFF2uibjzso6VHqGkgEtf17l1L7MnOZ1nY/getUpdates "HTTP/1.1 200 OK"
2025-10-25 09:28:27: INFO:httpx:HTTP Request: POST https://api.telegram.org/bot8154094611:AAFF2uibjzso6VHqGkgEtf17l1L7MnOZ1nY/getUpdates "HTTP/1.1 200 OK"
2025-10-25 09:28:37: INFO:httpx:HTTP Request: POST https://api.telegram.org/bot8154094611:AAFF2uibjzso6VHqGkgEtf17l1L7MnOZ1nY/getUpdates "HTTP/1.1 200 OK"
2025-10-25 09:28:47: INFO:httpx:HTTP Request: POST https://api.telegram.org/bot8154094611:AAFF2uibjzso6VHqGkgEtf17l1L7MnOZ1nY/getUpdates "HTTP/1.1 200 OK"
2025-10-25 09:28:57: INFO:httpx:HTTP Request: POST https://api.telegram.org/bot8154094611:AAFF2uibjzso6VHqGkgEtf17l1L7MnOZ1nY/getUpdates "HTTP/1.1 200 OK"
2025-10-25 09:29:07: INFO:httpx:HTTP Request: POST https://api.telegram.org/bot8154094611:AAFF2uibjzso6VHqGkgEtf17l1L7MnOZ1nY/getUpdates "HTTP/1.1 200 OK"
2025-10-25 09:29:17: INFO:httpx:HTTP Request: POST https://api.telegram.org/bot8154094611:AAFF2uibjzso6VHqGkgEtf17l1L7MnOZ1nY/getUpdates "HTTP/1.1 200 OK"
2025-10-25 09:29:27: INFO:httpx:HTTP Request: POST https://api.telegram.org/bot8154094611:AAFF2uibjzso6VHqGkgEtf17l1L7MnOZ1nY/getUpdates "HTTP/1.1 200 OK"
2025-10-25 09:29:37: INFO:httpx:HTTP Request: POST https://api.telegram.org/bot8154094611:AAFF2uibjzso6VHqGkgEtf17l1L7MnOZ1nY/getUpdates "HTTP/1.1 200 OK"
2025-10-25 09:29:47: INFO:httpx:HTTP Request: POST https://api.telegram.org/bot8154094611:AAFF2uibjzso6VHqGkgEtf17l1L7MnOZ1nY/getUpdates "HTTP/1.1 200 OK"
2025-10-25 09:29:57: INFO:httpx:HTTP Request: POST https://api.telegram.org/bot8154094611:AAFF2uibjzso6VHqGkgEtf17l1L7MnOZ1nY/getUpdates "HTTP/1.1 200 OK"
2025-10-25 09:30:07: INFO:httpx:HTTP Request: POST https://api.telegram.org/bot8154094611:AAFF2uibjzso6VHqGkgEtf17l1L7MnOZ1nY/getUpdates "HTTP/1.1 200 OK"
2025-10-25 09:30:17: INFO:httpx:HTTP Request: POST https://api.telegram.org/bot8154094611:AAFF2uibjzso6VHqGkgEtf17l1L7MnOZ1nY/getUpdates "HTTP/1.1 200 OK"
2025-10-25 09:30:27: INFO:httpx:HTTP Request: POST https://api.telegram.org/bot8154094611:AAFF2uibjzso6VHqGkgEtf17l1L7MnOZ1nY/getUpdates "HTTP/1.1 200 OK"
2025-10-25 09:30:37: INFO:httpx:HTTP Request: POST https://api.telegram.org/bot8154094611:AAFF2uibjzso6VHqGkgEtf17l1L7MnOZ1nY/getUpdates "HTTP/1.1 200 OK"
2025-10-25 09:30:47: INFO:httpx:HTTP Request: POST https://api.telegram.org/bot8154094611:AAFF2uibjzso6VHqGkgEtf17l1L7MnOZ1nY/getUpdates "HTTP/1.1 200 OK"
2025-10-25 09:30:57: INFO:httpx:HTTP Request: POST https://api.telegram.org/bot8154094611:AAFF2uibjzso6VHqGkgEtf17l1L7MnOZ1nY/getUpdates "HTTP/1.1 200 OK"
2025-10-25 09:31:07: INFO:httpx:HTTP Request: POST https://api.telegram.org/bot8154094611:AAFF2uibjzso6VHqGkgEtf17l1L7MnOZ1nY/getUpdates "HTTP/1.1 200 OK"
2025-10-25 09:31:18: INFO:httpx:HTTP Request: POST https://api.telegram.org/bot8154094611:AAFF2uibjzso6VHqGkgEtf17l1L7MnOZ1nY/getUpdates "HTTP/1.1 200 OK"
2025-10-25 09:31:28: INFO:httpx:HTTP Request: POST https://api.telegram.org/bot8154094611:AAFF2uibjzso6VHqGkgEtf17l1L7MnOZ1nY/getUpdates "HTTP/1.1 200 OK"
2025-10-25 09:31:38: INFO:httpx:HTTP Request: POST https://api.telegram.org/bot8154094611:AAFF2uibjzso6VHqGkgEtf17l1L7MnOZ1nY/getUpdates "HTTP/1.1 200 OK"
2025-10-25 09:31:48: INFO:httpx:HTTP Request: POST https://api.telegram.org/bot8154094611:AAFF2uibjzso6VHqGkgEtf17l1L7MnOZ1nY/getUpdates "HTTP/1.1 200 OK"
2025-10-25 09:31:58: INFO:httpx:HTTP Request: POST https://api.telegram.org/bot8154094611:AAFF2uibjzso6VHqGkgEtf17l1L7MnOZ1nY/getUpdates "HTTP/1.1 200 OK"
2025-10-25 09:32:08: INFO:httpx:HTTP Request: POST https://api.telegram.org/bot8154094611:AAFF2uibjzso6VHqGkgEtf17l1L7MnOZ1nY/getUpdates "HTTP/1.1 200 OK"
2025-10-25 09:32:18: INFO:httpx:HTTP Request: POST https://api.telegram.org/bot8154094611:AAFF2uibjzso6VHqGkgEtf17l1L7MnOZ1nY/getUpdates "HTTP/1.1 200 OK"
2025-10-25 09:32:28: INFO:httpx:HTTP Request: POST https://api.telegram.org/bot8154094611:AAFF2uibjzso6VHqGkgEtf17l1L7MnOZ1nY/getUpdates "HTTP/1.1 200 OK"
2025-10-25 09:32:38: INFO:httpx:HTTP Request: POST https://api.telegram.org/bot8154094611:AAFF2uibjzso6VHqGkgEtf17l1L7MnOZ1nY/getUpdates "HTTP/1.1 200 OK"
2025-10-25 09:32:48: INFO:httpx:HTTP Request: POST https://api.telegram.org/bot8154094611:AAFF2uibjzso6VHqGkgEtf17l1L7MnOZ1nY/getUpdates "HTTP/1.1 200 OK"
2025-10-25 09:32:58: INFO:httpx:HTTP Request: POST https://api.telegram.org/bot8154094611:AAFF2uibjzso6VHqGkgEtf17l1L7MnOZ1nY/getUpdates "HTTP/1.1 200 OK"
2025-10-25 09:33:08: INFO:httpx:HTTP Request: POST https://api.telegram.org/bot8154094611:AAFF2uibjzso6VHqGkgEtf17l1L7MnOZ1nY/getUpdates "HTTP/1.1 200 OK"
2025-10-25 09:33:18: INFO:httpx:HTTP Request: POST https://api.telegram.org/bot8154094611:AAFF2uibjzso6VHqGkgEtf17l1L7MnOZ1nY/getUpdates "HTTP/1.1 200 OK"
2025-10-25 09:33:28: INFO:httpx:HTTP Request: POST https://api.telegram.org/bot8154094611:AAFF2uibjzso6VHqGkgEtf17l1L7MnOZ1nY/getUpdates "HTTP/1.1 200 OK"
2025-10-25 09:33:38: INFO:httpx:HTTP Request: POST https://api.telegram.org/bot8154094611:AAFF2uibjzso6VHqGkgEtf17l1L7MnOZ1nY/getUpdates "HTTP/1.1 200 OK"
2025-10-25 09:33:48: INFO:httpx:HTTP Request: POST https://api.telegram.org/bot8154094611:AAFF2uibjzso6VHqGkgEtf17l1L7MnOZ1nY/getUpdates "HTTP/1.1 200 OK"
2025-10-25 09:33:58: INFO:httpx:HTTP Request: POST https://api.telegram.org/bot8154094611:AAFF2uibjzso6VHqGkgEtf17l1L7MnOZ1nY/getUpdates "HTTP/1.1 200 OK"
2025-10-25 09:34:08: INFO:httpx:HTTP Request: POST https://api.telegram.org/bot8154094611:AAFF2uibjzso6VHqGkgEtf17l1L7MnOZ1nY/getUpdates "HTTP/1.1 200 OK"
2025-10-25 09:34:18: INFO:httpx:HTTP Request: POST https://api.telegram.org/bot8154094611:AAFF2uibjzso6VHqGkgEtf17l1L7MnOZ1nY/getUpdates "HTTP/1.1 200 OK"
2025-10-25 09:34:28: INFO:httpx:HTTP Request: POST https://api.telegram.org/bot8154094611:AAFF2uibjzso6VHqGkgEtf17l1L7MnOZ1nY/getUpdates "HTTP/1.1 200 OK"
2025-10-25 09:34:38: INFO:httpx:HTTP Request: POST https://api.telegram.org/bot8154094611:AAFF2uibjzso6VHqGkgEtf17l1L7MnOZ1nY/getUpdates "HTTP/1.1 200 OK"
2025-10-25 09:34:48: INFO:httpx:HTTP Request: POST https://api.telegram.org/bot8154094611:AAFF2uibjzso6VHqGkgEtf17l1L7MnOZ1nY/getUpdates "HTTP/1.1 200 OK"
2025-10-25 09:34:58: INFO:httpx:HTTP Request: POST https://api.telegram.org/bot8154094611:AAFF2uibjzso6VHqGkgEtf17l1L7MnOZ1nY/getUpdates "HTTP/1.1 200 OK"
2025-10-25 09:35:08: INFO:httpx:HTTP Request: POST https://api.telegram.org/bot8154094611:AAFF2uibjzso6VHqGkgEtf17l1L7MnOZ1nY/getUpdates "HTTP/1.1 200 OK"
2025-10-25 09:35:18: INFO:httpx:HTTP Request: POST https://api.telegram.org/bot8154094611:AAFF2uibjzso6VHqGkgEtf17l1L7MnOZ1nY/getUpdates "HTTP/1.1 200 OK"
2025-10-25 09:35:28: INFO:httpx:HTTP Request: POST https://api.telegram.org/bot8154094611:AAFF2uibjzso6VHqGkgEtf17l1L7MnOZ1nY/getUpdates "HTTP/1.1 200 OK"
2025-10-25 09:35:38: INFO:httpx:HTTP Request: POST https://api.telegram.org/bot8154094611:AAFF2uibjzso6VHqGkgEtf17l1L7MnOZ1nY/getUpdates "HTTP/1.1 200 OK"
2025-10-25 09:35:48: INFO:httpx:HTTP Request: POST https://api.telegram.org/bot8154094611:AAFF2uibjzso6VHqGkgEtf17l1L7MnOZ1nY/getUpdates "HTTP/1.1 200 OK"
2025-10-25 09:35:58: INFO:httpx:HTTP Request: POST https://api.telegram.org/bot8154094611:AAFF2uibjzso6VHqGkgEtf17l1L7MnOZ1nY/getUpdates "HTTP/1.1 200 OK"
2025-10-25 09:36:08: INFO:httpx:HTTP Request: POST https://api.telegram.org/bot8154094611:AAFF2uibjzso6VHqGkgEtf17l1L7MnOZ1nY/getUpdates "HTTP/1.1 200 OK"
2025-10-25 09:36:18: INFO:httpx:HTTP Request: POST https://api.telegram.org/bot8154094611:AAFF2uibjzso6VHqGkgEtf17l1L7MnOZ1nY/getUpdates "HTTP/1.1 200 OK"
2025-10-25 09:36:28: INFO:httpx:HTTP Request: POST https://api.telegram.org/bot8154094611:AAFF2uibjzso6VHqGkgEtf17l1L7MnOZ1nY/getUpdates "HTTP/1.1 200 OK"
2025-10-25 09:36:38: INFO:httpx:HTTP Request: POST https://api.telegram.org/bot8154094611:AAFF2uibjzso6VHqGkgEtf17l1L7MnOZ1nY/getUpdates "HTTP/1.1 200 OK"
2025-10-25 09:36:48: INFO:httpx:HTTP Request: POST https://api.telegram.org/bot8154094611:AAFF2uibjzso6VHqGkgEtf17l1L7MnOZ1nY/getUpdates "HTTP/1.1 200 OK"
2025-10-25 09:36:58: INFO:httpx:HTTP Request: POST https://api.telegram.org/bot8154094611:AAFF2uibjzso6VHqGkgEtf17l1L7MnOZ1nY/getUpdates "HTTP/1.1 200 OK"
2025-10-25 09:37:08: INFO:httpx:HTTP Request: POST https://api.telegram.org/bot8154094611:AAFF2uibjzso6VHqGkgEtf17l1L7MnOZ1nY/getUpdates "HTTP/1.1 200 OK"
2025-10-25 09:37:18: INFO:httpx:HTTP Request: POST https://api.telegram.org/bot8154094611:AAFF2uibjzso6VHqGkgEtf17l1L7MnOZ1nY/getUpdates "HTTP/1.1 200 OK"
2025-10-25 09:37:28: INFO:httpx:HTTP Request: POST https://api.telegram.org/bot8154094611:AAFF2uibjzso6VHqGkgEtf17l1L7MnOZ1nY/getUpdates "HTTP/1.1 200 OK"
2025-10-25 09:37:38: INFO:httpx:HTTP Request: POST https://api.telegram.org/bot8154094611:AAFF2uibjzso6VHqGkgEtf17l1L7MnOZ1nY/getUpdates "HTTP/1.1 200 OK"
2025-10-25 09:37:49: INFO:httpx:HTTP Request: POST https://api.telegram.org/bot8154094611:AAFF2uibjzso6VHqGkgEtf17l1L7MnOZ1nY/getUpdates "HTTP/1.1 200 OK"
2025-10-25 09:37:59: INFO:httpx:HTTP Request: POST https://api.telegram.org/bot8154094611:AAFF2uibjzso6VHqGkgEtf17l1L7MnOZ1nY/getUpdates "HTTP/1.1 200 OK"
2025-10-25 09:38:09: INFO:httpx:HTTP Request: POST https://api.telegram.org/bot8154094611:AAFF2uibjzso6VHqGkgEtf17l1L7MnOZ1nY/getUpdates "HTTP/1.1 200 OK"
2025-10-25 09:38:19: INFO:httpx:HTTP Request: POST https://api.telegram.org/bot8154094611:AAFF2uibjzso6VHqGkgEtf17l1L7MnOZ1nY/getUpdates "HTTP/1.1 200 OK"
2025-10-25 09:38:29: INFO:httpx:HTTP Request: POST https://api.telegram.org/bot8154094611:AAFF2uibjzso6VHqGkgEtf17l1L7MnOZ1nY/getUpdates "HTTP/1.1 200 OK"
2025-10-25 09:38:39: INFO:httpx:HTTP Request: POST https://api.telegram.org/bot8154094611:AAFF2uibjzso6VHqGkgEtf17l1L7MnOZ1nY/getUpdates "HTTP/1.1 200 OK"
2025-10-25 09:38:49: INFO:httpx:HTTP Request: POST https://api.telegram.org/bot8154094611:AAFF2uibjzso6VHqGkgEtf17l1L7MnOZ1nY/getUpdates "HTTP/1.1 200 OK"
2025-10-25 09:38:59: INFO:httpx:HTTP Request: POST https://api.telegram.org/bot8154094611:AAFF2uibjzso6VHqGkgEtf17l1L7MnOZ1nY/getUpdates "HTTP/1.1 200 OK"
2025-10-25 09:39:09: INFO:httpx:HTTP Request: POST https://api.telegram.org/bot8154094611:AAFF2uibjzso6VHqGkgEtf17l1L7MnOZ1nY/getUpdates "HTTP/1.1 200 OK"
2025-10-25 09:39:19: INFO:httpx:HTTP Request: POST https://api.telegram.org/bot8154094611:AAFF2uibjzso6VHqGkgEtf17l1L7MnOZ1nY/getUpdates "HTTP/1.1 200 OK"
2025-10-25 09:39:29: INFO:httpx:HTTP Request: POST https://api.telegram.org/bot8154094611:AAFF2uibjzso6VHqGkgEtf17l1L7MnOZ1nY/getUpdates "HTTP/1.1 200 OK"
2025-10-25 09:39:39: INFO:httpx:HTTP Request: POST https://api.telegram.org/bot8154094611:AAFF2uibjzso6VHqGkgEtf17l1L7MnOZ1nY/getUpdates "HTTP/1.1 200 OK"
2025-10-25 09:39:49: INFO:httpx:HTTP Request: POST https://api.telegram.org/bot8154094611:AAFF2uibjzso6VHqGkgEtf17l1L7MnOZ1nY/getUpdates "HTTP/1.1 200 OK"
2025-10-25 09:39:59: INFO:httpx:HTTP Request: POST https://api.telegram.org/bot8154094611:AAFF2uibjzso6VHqGkgEtf17l1L7MnOZ1nY/getUpdates "HTTP/1.1 200 OK"
2025-10-25 09:40:09: INFO:httpx:HTTP Request: POST https://api.telegram.org/bot8154094611:AAFF2uibjzso6VHqGkgEtf17l1L7MnOZ1nY/getUpdates "HTTP/1.1 200 OK"
2025-10-25 09:40:19: INFO:httpx:HTTP Request: POST https://api.telegram.org/bot8154094611:AAFF2uibjzso6VHqGkgEtf17l1L7MnOZ1nY/getUpdates "HTTP/1.1 200 OK"
2025-10-25 09:40:29: INFO:httpx:HTTP Request: POST https://api.telegram.org/bot8154094611:AAFF2uibjzso6VHqGkgEtf17l1L7MnOZ1nY/getUpdates "HTTP/1.1 200 OK"
2025-10-25 09:40:39: INFO:httpx:HTTP Request: POST https://api.telegram.org/bot8154094611:AAFF2uibjzso6VHqGkgEtf17l1L7MnOZ1nY/getUpdates "HTTP/1.1 200 OK"
2025-10-25 09:40:49: INFO:httpx:HTTP Request: POST https://api.telegram.org/bot8154094611:AAFF2uibjzso6VHqGkgEtf17l1L7MnOZ1nY/getUpdates "HTTP/1.1 200 OK"
2025-10-25 09:40:59: INFO:httpx:HTTP Request: POST https://api.telegram.org/bot8154094611:AAFF2uibjzso6VHqGkgEtf17l1L7MnOZ1nY/getUpdates "HTTP/1.1 200 OK"
2025-10-25 09:41:09: INFO:httpx:HTTP Request: POST https://api.telegram.org/bot8154094611:AAFF2uibjzso6VHqGkgEtf17l1L7MnOZ1nY/getUpdates "HTTP/1.1 200 OK"
2025-10-25 09:41:19: INFO:httpx:HTTP Request: POST https://api.telegram.org/bot8154094611:AAFF2uibjzso6VHqGkgEtf17l1L7MnOZ1nY/getUpdates "HTTP/1.1 200 OK"
2025-10-25 09:41:29: INFO:httpx:HTTP Request: POST https://api.telegram.org/bot8154094611:AAFF2uibjzso6VHqGkgEtf17l1L7MnOZ1nY/getUpdates "HTTP/1.1 200 OK"
2025-10-25 09:41:39: INFO:httpx:HTTP Request: POST https://api.telegram.org/bot8154094611:AAFF2uibjzso6VHqGkgEtf17l1L7MnOZ1nY/getUpdates "HTTP/1.1 200 OK"
2025-10-25 09:41:49: INFO:httpx:HTTP Request: POST https://api.telegram.org/bot8154094611:AAFF2uibjzso6VHqGkgEtf17l1L7MnOZ1nY/getUpdates "HTTP/1.1 200 OK"
2025-10-25 09:41:59: INFO:httpx:HTTP Request: POST https://api.telegram.org/bot8154094611:AAFF2uibjzso6VHqGkgEtf17l1L7MnOZ1nY/getUpdates "HTTP/1.1 200 OK"
2025-10-25 09:42:09: INFO:httpx:HTTP Request: POST https://api.telegram.org/bot8154094611:AAFF2uibjzso6VHqGkgEtf17l1L7MnOZ1nY/getUpdates "HTTP/1.1 200 OK"
2025-10-25 09:42:19: INFO:httpx:HTTP Request: POST https://api.telegram.org/bot8154094611:AAFF2uibjzso6VHqGkgEtf17l1L7MnOZ1nY/getUpdates "HTTP/1.1 200 OK"
2025-10-25 09:42:29: INFO:httpx:HTTP Request: POST https://api.telegram.org/bot8154094611:AAFF2uibjzso6VHqGkgEtf17l1L7MnOZ1nY/getUpdates "HTTP/1.1 200 OK"
2025-10-25 09:42:39: INFO:httpx:HTTP Request: POST https://api.telegram.org/bot8154094611:AAFF2uibjzso6VHqGkgEtf17l1L7MnOZ1nY/getUpdates "HTTP/1.1 200 OK"
2025-10-25 09:42:49: INFO:httpx:HTTP Request: POST https://api.telegram.org/bot8154094611:AAFF2uibjzso6VHqGkgEtf17l1L7MnOZ1nY/getUpdates "HTTP/1.1 200 OK"
2025-10-25 09:42:59: INFO:httpx:HTTP Request: POST https://api.telegram.org/bot8154094611:AAFF2uibjzso6VHqGkgEtf17l1L7MnOZ1nY/getUpdates "HTTP/1.1 200 OK"
2025-10-25 09:43:09: INFO:httpx:HTTP Request: POST https://api.telegram.org/bot8154094611:AAFF2uibjzso6VHqGkgEtf17l1L7MnOZ1nY/getUpdates "HTTP/1.1 200 OK"
2025-10-25 09:43:19: INFO:httpx:HTTP Request: POST https://api.telegram.org/bot8154094611:AAFF2uibjzso6VHqGkgEtf17l1L7MnOZ1nY/getUpdates "HTTP/1.1 200 OK"
2025-10-25 09:43:29: INFO:httpx:HTTP Request: POST https://api.telegram.org/bot8154094611:AAFF2uibjzso6VHqGkgEtf17l1L7MnOZ1nY/getUpdates "HTTP/1.1 200 OK"
2025-10-25 09:43:39: INFO:httpx:HTTP Request: POST https://api.telegram.org/bot8154094611:AAFF2uibjzso6VHqGkgEtf17l1L7MnOZ1nY/getUpdates "HTTP/1.1 200 OK"
2025-10-25 09:43:49: INFO:httpx:HTTP Request: POST https://api.telegram.org/bot8154094611:AAFF2uibjzso6VHqGkgEtf17l1L7MnOZ1nY/getUpdates "HTTP/1.1 200 OK"
2025-10-25 09:44:00: INFO:httpx:HTTP Request: POST https://api.telegram.org/bot8154094611:AAFF2uibjzso6VHqGkgEtf17l1L7MnOZ1nY/getUpdates "HTTP/1.1 200 OK"
2025-10-25 09:44:10: INFO:httpx:HTTP Request: POST https://api.telegram.org/bot8154094611:AAFF2uibjzso6VHqGkgEtf17l1L7MnOZ1nY/getUpdates "HTTP/1.1 200 OK"
2025-10-25 09:44:20: INFO:httpx:HTTP Request: POST https://api.telegram.org/bot8154094611:AAFF2uibjzso6VHqGkgEtf17l1L7MnOZ1nY/getUpdates "HTTP/1.1 200 OK"
2025-10-25 09:44:30: INFO:httpx:HTTP Request: POST https://api.telegram.org/bot8154094611:AAFF2uibjzso6VHqGkgEtf17l1L7MnOZ1nY/getUpdates "HTTP/1.1 200 OK"
2025-10-25 09:44:40: INFO:httpx:HTTP Request: POST https://api.telegram.org/bot8154094611:AAFF2uibjzso6VHqGkgEtf17l1L7MnOZ1nY/getUpdates "HTTP/1.1 200 OK"
2025-10-25 09:44:50: INFO:httpx:HTTP Request: POST https://api.telegram.org/bot8154094611:AAFF2uibjzso6VHqGkgEtf17l1L7MnOZ1nY/getUpdates "HTTP/1.1 200 OK"
2025-10-25 09:45:00: INFO:httpx:HTTP Request: POST https://api.telegram.org/bot8154094611:AAFF2uibjzso6VHqGkgEtf17l1L7MnOZ1nY/getUpdates "HTTP/1.1 200 OK"
2025-10-25 09:45:10: INFO:httpx:HTTP Request: POST https://api.telegram.org/bot8154094611:AAFF2uibjzso6VHqGkgEtf17l1L7MnOZ1nY/getUpdates "HTTP/1.1 200 OK"
2025-10-25 09:45:20: INFO:httpx:HTTP Request: POST https://api.telegram.org/bot8154094611:AAFF2uibjzso6VHqGkgEtf17l1L7MnOZ1nY/getUpdates "HTTP/1.1 200 OK"
2025-10-25 09:45:30: INFO:httpx:HTTP Request: POST https://api.telegram.org/bot8154094611:AAFF2uibjzso6VHqGkgEtf17l1L7MnOZ1nY/getUpdates "HTTP/1.1 200 OK"
2025-10-25 09:45:40: INFO:httpx:HTTP Request: POST https://api.telegram.org/bot8154094611:AAFF2uibjzso6VHqGkgEtf17l1L7MnOZ1nY/getUpdates "HTTP/1.1 200 OK"
2025-10-25 09:45:50: INFO:httpx:HTTP Request: POST https://api.telegram.org/bot8154094611:AAFF2uibjzso6VHqGkgEtf17l1L7MnOZ1nY/getUpdates "HTTP/1.1 200 OK"
2025-10-25 09:46:00: INFO:httpx:HTTP Request: POST https://api.telegram.org/bot8154094611:AAFF2uibjzso6VHqGkgEtf17l1L7MnOZ1nY/getUpdates "HTTP/1.1 200 OK"
2025-10-25 09:46:10: INFO:httpx:HTTP Request: POST https://api.telegram.org/bot8154094611:AAFF2uibjzso6VHqGkgEtf17l1L7MnOZ1nY/getUpdates "HTTP/1.1 200 OK"
2025-10-25 09:46:20: INFO:httpx:HTTP Request: POST https://api.telegram.org/bot8154094611:AAFF2uibjzso6VHqGkgEtf17l1L7MnOZ1nY/getUpdates "HTTP/1.1 200 OK"
2025-10-25 09:46:30: INFO:httpx:HTTP Request: POST https://api.telegram.org/bot8154094611:AAFF2uibjzso6VHqGkgEtf17l1L7MnOZ1nY/getUpdates "HTTP/1.1 200 OK"
2025-10-25 09:46:40: INFO:httpx:HTTP Request: POST https://api.telegram.org/bot8154094611:AAFF2uibjzso6VHqGkgEtf17l1L7MnOZ1nY/getUpdates "HTTP/1.1 200 OK"
2025-10-25 09:46:50: INFO:httpx:HTTP Request: POST https://api.telegram.org/bot8154094611:AAFF2uibjzso6VHqGkgEtf17l1L7MnOZ1nY/getUpdates "HTTP/1.1 200 OK"
2025-10-25 09:47:00: INFO:httpx:HTTP Request: POST https://api.telegram.org/bot8154094611:AAFF2uibjzso6VHqGkgEtf17l1L7MnOZ1nY/getUpdates "HTTP/1.1 200 OK"
2025-10-25 09:47:10: INFO:httpx:HTTP Request: POST https://api.telegram.org/bot8154094611:AAFF2uibjzso6VHqGkgEtf17l1L7MnOZ1nY/getUpdates "HTTP/1.1 200 OK"
2025-10-25 09:47:20: INFO:httpx:HTTP Request: POST https://api.telegram.org/bot8154094611:AAFF2uibjzso6VHqGkgEtf17l1L7MnOZ1nY/getUpdates "HTTP/1.1 200 OK"
2025-10-25 09:47:30: INFO:httpx:HTTP Request: POST https://api.telegram.org/bot8154094611:AAFF2uibjzso6VHqGkgEtf17l1L7MnOZ1nY/getUpdates "HTTP/1.1 200 OK"
2025-10-25 09:47:40: INFO:httpx:HTTP Request: POST https://api.telegram.org/bot8154094611:AAFF2uibjzso6VHqGkgEtf17l1L7MnOZ1nY/getUpdates "HTTP/1.1 200 OK"
2025-10-25 09:47:50: INFO:httpx:HTTP Request: POST https://api.telegram.org/bot8154094611:AAFF2uibjzso6VHqGkgEtf17l1L7MnOZ1nY/getUpdates "HTTP/1.1 200 OK"
2025-10-25 09:48:00: INFO:httpx:HTTP Request: POST https://api.telegram.org/bot8154094611:AAFF2uibjzso6VHqGkgEtf17l1L7MnOZ1nY/getUpdates "HTTP/1.1 200 OK"
2025-10-25 09:48:10: INFO:httpx:HTTP Request: POST https://api.telegram.org/bot8154094611:AAFF2uibjzso6VHqGkgEtf17l1L7MnOZ1nY/getUpdates "HTTP/1.1 200 OK"
2025-10-25 09:48:20: INFO:httpx:HTTP Request: POST https://api.telegram.org/bot8154094611:AAFF2uibjzso6VHqGkgEtf17l1L7MnOZ1nY/getUpdates "HTTP/1.1 200 OK"
2025-10-25 09:48:30: INFO:httpx:HTTP Request: POST https://api.telegram.org/bot8154094611:AAFF2uibjzso6VHqGkgEtf17l1L7MnOZ1nY/getUpdates "HTTP/1.1 200 OK"
2025-10-25 09:48:40: INFO:httpx:HTTP Request: POST https://api.telegram.org/bot8154094611:AAFF2uibjzso6VHqGkgEtf17l1L7MnOZ1nY/getUpdates "HTTP/1.1 200 OK"
2025-10-25 09:48:50: INFO:httpx:HTTP Request: POST https://api.telegram.org/bot8154094611:AAFF2uibjzso6VHqGkgEtf17l1L7MnOZ1nY/getUpdates "HTTP/1.1 200 OK"
2025-10-25 09:49:00: INFO:httpx:HTTP Request: POST https://api.telegram.org/bot8154094611:AAFF2uibjzso6VHqGkgEtf17l1L7MnOZ1nY/getUpdates "HTTP/1.1 200 OK"
2025-10-25 09:49:10: INFO:httpx:HTTP Request: POST https://api.telegram.org/bot8154094611:AAFF2uibjzso6VHqGkgEtf17l1L7MnOZ1nY/getUpdates "HTTP/1.1 200 OK"
2025-10-25 09:49:20: INFO:httpx:HTTP Request: POST https://api.telegram.org/bot8154094611:AAFF2uibjzso6VHqGkgEtf17l1L7MnOZ1nY/getUpdates "HTTP/1.1 200 OK"
2025-10-25 09:49:30: INFO:httpx:HTTP Request: POST https://api.telegram.org/bot8154094611:AAFF2uibjzso6VHqGkgEtf17l1L7MnOZ1nY/getUpdates "HTTP/1.1 200 OK"
2025-10-25 09:49:40: INFO:httpx:HTTP Request: POST https://api.telegram.org/bot8154094611:AAFF2uibjzso6VHqGkgEtf17l1L7MnOZ1nY/getUpdates "HTTP/1.1 200 OK"
2025-10-25 09:49:50: INFO:httpx:HTTP Request: POST https://api.telegram.org/bot8154094611:AAFF2uibjzso6VHqGkgEtf17l1L7MnOZ1nY/getUpdates "HTTP/1.1 200 OK"
2025-10-25 09:50:00: INFO:httpx:HTTP Request: POST https://api.telegram.org/bot8154094611:AAFF2uibjzso6VHqGkgEtf17l1L7MnOZ1nY/getUpdates "HTTP/1.1 200 OK"
2025-10-25 09:50:10: INFO:httpx:HTTP Request: POST https://api.telegram.org/bot8154094611:AAFF2uibjzso6VHqGkgEtf17l1L7MnOZ1nY/getUpdates "HTTP/1.1 200 OK"
2025-10-25 09:50:20: INFO:httpx:HTTP Request: POST https://api.telegram.org/bot8154094611:AAFF2uibjzso6VHqGkgEtf17l1L7MnOZ1nY/getUpdates "HTTP/1.1 200 OK"
2025-10-25 09:50:30: INFO:httpx:HTTP Request: POST https://api.telegram.org/bot8154094611:AAFF2uibjzso6VHqGkgEtf17l1L7MnOZ1nY/getUpdates "HTTP/1.1 200 OK"
2025-10-25 09:50:40: INFO:httpx:HTTP Request: POST https://api.telegram.org/bot8154094611:AAFF2uibjzso6VHqGkgEtf17l1L7MnOZ1nY/getUpdates "HTTP/1.1 200 OK"
2025-10-25 09:50:50: INFO:httpx:HTTP Request: POST https://api.telegram.org/bot8154094611:AAFF2uibjzso6VHqGkgEtf17l1L7MnOZ1nY/getUpdates "HTTP/1.1 200 OK"
2025-10-25 09:51:01: INFO:httpx:HTTP Request: POST https://api.telegram.org/bot8154094611:AAFF2uibjzso6VHqGkgEtf17l1L7MnOZ1nY/getUpdates "HTTP/1.1 200 OK"
2025-10-25 09:51:11: INFO:httpx:HTTP Request: POST https://api.telegram.org/bot8154094611:AAFF2uibjzso6VHqGkgEtf17l1L7MnOZ1nY/getUpdates "HTTP/1.1 200 OK"
2025-10-25 09:51:21: INFO:httpx:HTTP Request: POST https://api.telegram.org/bot8154094611:AAFF2uibjzso6VHqGkgEtf17l1L7MnOZ1nY/getUpdates "HTTP/1.1 200 OK"
2025-10-25 09:51:31: INFO:httpx:HTTP Request: POST https://api.telegram.org/bot8154094611:AAFF2uibjzso6VHqGkgEtf17l1L7MnOZ1nY/getUpdates "HTTP/1.1 200 OK"
2025-10-25 09:51:41: INFO:httpx:HTTP Request: POST https://api.telegram.org/bot8154094611:AAFF2uibjzso6VHqGkgEtf17l1L7MnOZ1nY/getUpdates "HTTP/1.1 200 OK"
2025-10-25 09:51:51: INFO:httpx:HTTP Request: POST https://api.telegram.org/bot8154094611:AAFF2uibjzso6VHqGkgEtf17l1L7MnOZ1nY/getUpdates "HTTP/1.1 200 OK"
2025-10-25 09:52:01: INFO:httpx:HTTP Request: POST https://api.telegram.org/bot8154094611:AAFF2uibjzso6VHqGkgEtf17l1L7MnOZ1nY/getUpdates "HTTP/1.1 200 OK"
2025-10-25 09:52:11: INFO:httpx:HTTP Request: POST https://api.telegram.org/bot8154094611:AAFF2uibjzso6VHqGkgEtf17l1L7MnOZ1nY/getUpdates "HTTP/1.1 200 OK"
2025-10-25 09:52:21: INFO:httpx:HTTP Request: POST https://api.telegram.org/bot8154094611:AAFF2uibjzso6VHqGkgEtf17l1L7MnOZ1nY/getUpdates "HTTP/1.1 200 OK"
2025-10-25 09:52:31: INFO:httpx:HTTP Request: POST https://api.telegram.org/bot8154094611:AAFF2uibjzso6VHqGkgEtf17l1L7MnOZ1nY/getUpdates "HTTP/1.1 200 OK"
2025-10-25 09:52:41: INFO:httpx:HTTP Request: POST https://api.telegram.org/bot8154094611:AAFF2uibjzso6VHqGkgEtf17l1L7MnOZ1nY/getUpdates "HTTP/1.1 200 OK"
2025-10-25 09:52:51: INFO:httpx:HTTP Request: POST https://api.telegram.org/bot8154094611:AAFF2uibjzso6VHqGkgEtf17l1L7MnOZ1nY/getUpdates "HTTP/1.1 200 OK"
2025-10-25 09:53:01: INFO:httpx:HTTP Request: POST https://api.telegram.org/bot8154094611:AAFF2uibjzso6VHqGkgEtf17l1L7MnOZ1nY/getUpdates "HTTP/1.1 200 OK"
2025-10-25 09:53:11: INFO:httpx:HTTP Request: POST https://api.telegram.org/bot8154094611:AAFF2uibjzso6VHqGkgEtf17l1L7MnOZ1nY/getUpdates "HTTP/1.1 200 OK"
2025-10-25 09:53:21: INFO:httpx:HTTP Request: POST https://api.telegram.org/bot8154094611:AAFF2uibjzso6VHqGkgEtf17l1L7MnOZ1nY/getUpdates "HTTP/1.1 200 OK"
2025-10-25 09:53:31: INFO:httpx:HTTP Request: POST https://api.telegram.org/bot8154094611:AAFF2uibjzso6VHqGkgEtf17l1L7MnOZ1nY/getUpdates "HTTP/1.1 200 OK"
2025-10-25 09:53:41: INFO:httpx:HTTP Request: POST https://api.telegram.org/bot8154094611:AAFF2uibjzso6VHqGkgEtf17l1L7MnOZ1nY/getUpdates "HTTP/1.1 200 OK"
2025-10-25 09:53:51: INFO:httpx:HTTP Request: POST https://api.telegram.org/bot8154094611:AAFF2uibjzso6VHqGkgEtf17l1L7MnOZ1nY/getUpdates "HTTP/1.1 200 OK"
2025-10-25 09:54:01: INFO:httpx:HTTP Request: POST https://api.telegram.org/bot8154094611:AAFF2uibjzso6VHqGkgEtf17l1L7MnOZ1nY/getUpdates "HTTP/1.1 200 OK"
2025-10-25 09:54:11: INFO:httpx:HTTP Request: POST https://api.telegram.org/bot8154094611:AAFF2uibjzso6VHqGkgEtf17l1L7MnOZ1nY/getUpdates "HTTP/1.1 200 OK"
2025-10-25 09:54:21: INFO:httpx:HTTP Request: POST https://api.telegram.org/bot8154094611:AAFF2uibjzso6VHqGkgEtf17l1L7MnOZ1nY/getUpdates "HTTP/1.1 200 OK"
2025-10-25 09:54:31: INFO:httpx:HTTP Request: POST https://api.telegram.org/bot8154094611:AAFF2uibjzso6VHqGkgEtf17l1L7MnOZ1nY/getUpdates "HTTP/1.1 200 OK"
2025-10-25 09:54:41: INFO:httpx:HTTP Request: POST https://api.telegram.org/bot8154094611:AAFF2uibjzso6VHqGkgEtf17l1L7MnOZ1nY/getUpdates "HTTP/1.1 200 OK"
2025-10-25 09:54:51: INFO:httpx:HTTP Request: POST https://api.telegram.org/bot8154094611:AAFF2uibjzso6VHqGkgEtf17l1L7MnOZ1nY/getUpdates "HTTP/1.1 200 OK"
2025-10-25 09:55:01: INFO:httpx:HTTP Request: POST https://api.telegram.org/bot8154094611:AAFF2uibjzso6VHqGkgEtf17l1L7MnOZ1nY/getUpdates "HTTP/1.1 200 OK"
2025-10-25 09:55:11: INFO:httpx:HTTP Request: POST https://api.telegram.org/bot8154094611:AAFF2uibjzso6VHqGkgEtf17l1L7MnOZ1nY/getUpdates "HTTP/1.1 200 OK"
2025-10-25 09:55:21: INFO:httpx:HTTP Request: POST https://api.telegram.org/bot8154094611:AAFF2uibjzso6VHqGkgEtf17l1L7MnOZ1nY/getUpdates "HTTP/1.1 200 OK"
2025-10-25 09:55:31: INFO:httpx:HTTP Request: POST https://api.telegram.org/bot8154094611:AAFF2uibjzso6VHqGkgEtf17l1L7MnOZ1nY/getUpdates "HTTP/1.1 200 OK"
2025-10-25 09:55:41: INFO:httpx:HTTP Request: POST https://api.telegram.org/bot8154094611:AAFF2uibjzso6VHqGkgEtf17l1L7MnOZ1nY/getUpdates "HTTP/1.1 200 OK"
2025-10-25 09:55:51: INFO:httpx:HTTP Request: POST https://api.telegram.org/bot8154094611:AAFF2uibjzso6VHqGkgEtf17l1L7MnOZ1nY/getUpdates "HTTP/1.1 200 OK"
2025-10-25 09:56:01: INFO:httpx:HTTP Request: POST https://api.telegram.org/bot8154094611:AAFF2uibjzso6VHqGkgEtf17l1L7MnOZ1nY/getUpdates "HTTP/1.1 200 OK"
2025-10-25 09:56:11: INFO:httpx:HTTP Request: POST https://api.telegram.org/bot8154094611:AAFF2uibjzso6VHqGkgEtf17l1L7MnOZ1nY/getUpdates "HTTP/1.1 200 OK"
2025-10-25 09:56:21: INFO:httpx:HTTP Request: POST https://api.telegram.org/bot8154094611:AAFF2uibjzso6VHqGkgEtf17l1L7MnOZ1nY/getUpdates "HTTP/1.1 200 OK"
2025-10-25 09:56:31: INFO:httpx:HTTP Request: POST https://api.telegram.org/bot8154094611:AAFF2uibjzso6VHqGkgEtf17l1L7MnOZ1nY/getUpdates "HTTP/1.1 200 OK"
2025-10-25 09:56:41: INFO:httpx:HTTP Request: POST https://api.telegram.org/bot8154094611:AAFF2uibjzso6VHqGkgEtf17l1L7MnOZ1nY/getUpdates "HTTP/1.1 200 OK"
2025-10-25 09:56:51: INFO:httpx:HTTP Request: POST https://api.telegram.org/bot8154094611:AAFF2uibjzso6VHqGkgEtf17l1L7MnOZ1nY/getUpdates "HTTP/1.1 200 OK"
2025-10-25 09:57:01: INFO:httpx:HTTP Request: POST https://api.telegram.org/bot8154094611:AAFF2uibjzso6VHqGkgEtf17l1L7MnOZ1nY/getUpdates "HTTP/1.1 200 OK"
2025-10-25 09:57:11: INFO:httpx:HTTP Request: POST https://api.telegram.org/bot8154094611:AAFF2uibjzso6VHqGkgEtf17l1L7MnOZ1nY/getUpdates "HTTP/1.1 200 OK"
2025-10-25 09:57:21: INFO:httpx:HTTP Request: POST https://api.telegram.org/bot8154094611:AAFF2uibjzso6VHqGkgEtf17l1L7MnOZ1nY/getUpdates "HTTP/1.1 200 OK"
2025-10-25 09:57:31: INFO:httpx:HTTP Request: POST https://api.telegram.org/bot8154094611:AAFF2uibjzso6VHqGkgEtf17l1L7MnOZ1nY/getUpdates "HTTP/1.1 200 OK"
2025-10-25 09:57:42: INFO:httpx:HTTP Request: POST https://api.telegram.org/bot8154094611:AAFF2uibjzso6VHqGkgEtf17l1L7MnOZ1nY/getUpdates "HTTP/1.1 200 OK"
2025-10-25 09:57:52: INFO:httpx:HTTP Request: POST https://api.telegram.org/bot8154094611:AAFF2uibjzso6VHqGkgEtf17l1L7MnOZ1nY/getUpdates "HTTP/1.1 200 OK"
2025-10-25 09:58:02: INFO:httpx:HTTP Request: POST https://api.telegram.org/bot8154094611:AAFF2uibjzso6VHqGkgEtf17l1L7MnOZ1nY/getUpdates "HTTP/1.1 200 OK"
2025-10-25 09:58:12: INFO:httpx:HTTP Request: POST https://api.telegram.org/bot8154094611:AAFF2uibjzso6VHqGkgEtf17l1L7MnOZ1nY/getUpdates "HTTP/1.1 200 OK"
2025-10-25 09:58:22: INFO:httpx:HTTP Request: POST https://api.telegram.org/bot8154094611:AAFF2uibjzso6VHqGkgEtf17l1L7MnOZ1nY/getUpdates "HTTP/1.1 200 OK"
2025-10-25 09:58:32: INFO:httpx:HTTP Request: POST https://api.telegram.org/bot8154094611:AAFF2uibjzso6VHqGkgEtf17l1L7MnOZ1nY/getUpdates "HTTP/1.1 200 OK"
2025-10-25 09:58:42: INFO:httpx:HTTP Request: POST https://api.telegram.org/bot8154094611:AAFF2uibjzso6VHqGkgEtf17l1L7MnOZ1nY/getUpdates "HTTP/1.1 200 OK"
2025-10-25 09:58:52: INFO:httpx:HTTP Request: POST https://api.telegram.org/bot8154094611:AAFF2uibjzso6VHqGkgEtf17l1L7MnOZ1nY/getUpdates "HTTP/1.1 200 OK"
2025-10-25 09:59:02: INFO:httpx:HTTP Request: POST https://api.telegram.org/bot8154094611:AAFF2uibjzso6VHqGkgEtf17l1L7MnOZ1nY/getUpdates "HTTP/1.1 200 OK"
2025-10-25 09:59:12: INFO:httpx:HTTP Request: POST https://api.telegram.org/bot8154094611:AAFF2uibjzso6VHqGkgEtf17l1L7MnOZ1nY/getUpdates "HTTP/1.1 200 OK"
2025-10-25 09:59:22: INFO:httpx:HTTP Request: POST https://api.telegram.org/bot8154094611:AAFF2uibjzso6VHqGkgEtf17l1L7MnOZ1nY/getUpdates "HTTP/1.1 200 OK"
2025-10-25 09:59:32: INFO:httpx:HTTP Request: POST https://api.telegram.org/bot8154094611:AAFF2uibjzso6VHqGkgEtf17l1L7MnOZ1nY/getUpdates "HTTP/1.1 200 OK"
2025-10-25 09:59:42: INFO:httpx:HTTP Request: POST https://api.telegram.org/bot8154094611:AAFF2uibjzso6VHqGkgEtf17l1L7MnOZ1nY/getUpdates "HTTP/1.1 200 OK"
2025-10-25 09:59:52: INFO:httpx:HTTP Request: POST https://api.telegram.org/bot8154094611:AAFF2uibjzso6VHqGkgEtf17l1L7MnOZ1nY/getUpdates "HTTP/1.1 200 OK"
2025-10-25 10:00:02: INFO:httpx:HTTP Request: POST https://api.telegram.org/bot8154094611:AAFF2uibjzso6VHqGkgEtf17l1L7MnOZ1nY/getUpdates "HTTP/1.1 200 OK"
2025-10-25 10:00:12: INFO:httpx:HTTP Request: POST https://api.telegram.org/bot8154094611:AAFF2uibjzso6VHqGkgEtf17l1L7MnOZ1nY/getUpdates "HTTP/1.1 200 OK"
2025-10-25 10:00:22: INFO:httpx:HTTP Request: POST https://api.telegram.org/bot8154094611:AAFF2uibjzso6VHqGkgEtf17l1L7MnOZ1nY/getUpdates "HTTP/1.1 200 OK"
2025-10-25 10:00:32: INFO:httpx:HTTP Request: POST https://api.telegram.org/bot8154094611:AAFF2uibjzso6VHqGkgEtf17l1L7MnOZ1nY/getUpdates "HTTP/1.1 200 OK"
2025-10-25 10:00:42: INFO:httpx:HTTP Request: POST https://api.telegram.org/bot8154094611:AAFF2uibjzso6VHqGkgEtf17l1L7MnOZ1nY/getUpdates "HTTP/1.1 200 OK"
2025-10-25 10:00:52: INFO:httpx:HTTP Request: POST https://api.telegram.org/bot8154094611:AAFF2uibjzso6VHqGkgEtf17l1L7MnOZ1nY/getUpdates "HTTP/1.1 200 OK"
2025-10-25 10:01:02: INFO:httpx:HTTP Request: POST https://api.telegram.org/bot8154094611:AAFF2uibjzso6VHqGkgEtf17l1L7MnOZ1nY/getUpdates "HTTP/1.1 200 OK"
2025-10-25 10:01:12: INFO:httpx:HTTP Request: POST https://api.telegram.org/bot8154094611:AAFF2uibjzso6VHqGkgEtf17l1L7MnOZ1nY/getUpdates "HTTP/1.1 200 OK"
2025-10-25 10:01:22: INFO:httpx:HTTP Request: POST https://api.telegram.org/bot8154094611:AAFF2uibjzso6VHqGkgEtf17l1L7MnOZ1nY/getUpdates "HTTP/1.1 200 OK"
2025-10-25 10:01:32: INFO:httpx:HTTP Request: POST https://api.telegram.org/bot8154094611:AAFF2uibjzso6VHqGkgEtf17l1L7MnOZ1nY/getUpdates "HTTP/1.1 200 OK"
2025-10-25 10:01:42: INFO:httpx:HTTP Request: POST https://api.telegram.org/bot8154094611:AAFF2uibjzso6VHqGkgEtf17l1L7MnOZ1nY/getUpdates "HTTP/1.1 200 OK"
2025-10-25 10:01:52: INFO:httpx:HTTP Request: POST https://api.telegram.org/bot8154094611:AAFF2uibjzso6VHqGkgEtf17l1L7MnOZ1nY/getUpdates "HTTP/1.1 200 OK"
2025-10-25 10:02:02: INFO:httpx:HTTP Request: POST https://api.telegram.org/bot8154094611:AAFF2uibjzso6VHqGkgEtf17l1L7MnOZ1nY/getUpdates "HTTP/1.1 200 OK"
2025-10-25 10:02:12: INFO:httpx:HTTP Request: POST https://api.telegram.org/bot8154094611:AAFF2uibjzso6VHqGkgEtf17l1L7MnOZ1nY/getUpdates "HTTP/1.1 200 OK"
2025-10-25 10:02:22: INFO:httpx:HTTP Request: POST https://api.telegram.org/bot8154094611:AAFF2uibjzso6VHqGkgEtf17l1L7MnOZ1nY/getUpdates "HTTP/1.1 200 OK"
2025-10-25 10:02:32: INFO:httpx:HTTP Request: POST https://api.telegram.org/bot8154094611:AAFF2uibjzso6VHqGkgEtf17l1L7MnOZ1nY/getUpdates "HTTP/1.1 200 OK"
2025-10-25 10:02:42: INFO:httpx:HTTP Request: POST https://api.telegram.org/bot8154094611:AAFF2uibjzso6VHqGkgEtf17l1L7MnOZ1nY/getUpdates "HTTP/1.1 200 OK"
2025-10-25 10:02:52: INFO:httpx:HTTP Request: POST https://api.telegram.org/bot8154094611:AAFF2uibjzso6VHqGkgEtf17l1L7MnOZ1nY/getUpdates "HTTP/1.1 200 OK"
2025-10-25 10:03:02: INFO:httpx:HTTP Request: POST https://api.telegram.org/bot8154094611:AAFF2uibjzso6VHqGkgEtf17l1L7MnOZ1nY/getUpdates "HTTP/1.1 200 OK"
2025-10-25 10:03:12: INFO:httpx:HTTP Request: POST https://api.telegram.org/bot8154094611:AAFF2uibjzso6VHqGkgEtf17l1L7MnOZ1nY/getUpdates "HTTP/1.1 200 OK"
2025-10-25 10:03:22: INFO:httpx:HTTP Request: POST https://api.telegram.org/bot8154094611:AAFF2uibjzso6VHqGkgEtf17l1L7MnOZ1nY/getUpdates "HTTP/1.1 200 OK"
2025-10-25 10:03:32: INFO:httpx:HTTP Request: POST https://api.telegram.org/bot8154094611:AAFF2uibjzso6VHqGkgEtf17l1L7MnOZ1nY/getUpdates "HTTP/1.1 200 OK"
2025-10-25 10:03:42: INFO:httpx:HTTP Request: POST https://api.telegram.org/bot8154094611:AAFF2uibjzso6VHqGkgEtf17l1L7MnOZ1nY/getUpdates "HTTP/1.1 200 OK"
2025-10-25 10:03:52: INFO:httpx:HTTP Request: POST https://api.telegram.org/bot8154094611:AAFF2uibjzso6VHqGkgEtf17l1L7MnOZ1nY/getUpdates "HTTP/1.1 200 OK"
2025-10-25 10:04:02: INFO:httpx:HTTP Request: POST https://api.telegram.org/bot8154094611:AAFF2uibjzso6VHqGkgEtf17l1L7MnOZ1nY/getUpdates "HTTP/1.1 200 OK"
2025-10-25 10:04:12: INFO:httpx:HTTP Request: POST https://api.telegram.org/bot8154094611:AAFF2uibjzso6VHqGkgEtf17l1L7MnOZ1nY/getUpdates "HTTP/1.1 200 OK"
2025-10-25 10:04:22: INFO:httpx:HTTP Request: POST https://api.telegram.org/bot8154094611:AAFF2uibjzso6VHqGkgEtf17l1L7MnOZ1nY/getUpdates "HTTP/1.1 200 OK"
2025-10-25 10:04:32: INFO:httpx:HTTP Request: POST https://api.telegram.org/bot8154094611:AAFF2uibjzso6VHqGkgEtf17l1L7MnOZ1nY/getUpdates "HTTP/1.1 200 OK"
2025-10-25 10:04:42: INFO:httpx:HTTP Request: POST https://api.telegram.org/bot8154094611:AAFF2uibjzso6VHqGkgEtf17l1L7MnOZ1nY/getUpdates "HTTP/1.1 200 OK"
2025-10-25 10:04:52: INFO:httpx:HTTP Request: POST https://api.telegram.org/bot8154094611:AAFF2uibjzso6VHqGkgEtf17l1L7MnOZ1nY/getUpdates "HTTP/1.1 200 OK"
2025-10-25 10:05:03: INFO:httpx:HTTP Request: POST https://api.telegram.org/bot8154094611:AAFF2uibjzso6VHqGkgEtf17l1L7MnOZ1nY/getUpdates "HTTP/1.1 200 OK"
2025-10-25 10:05:13: INFO:httpx:HTTP Request: POST https://api.telegram.org/bot8154094611:AAFF2uibjzso6VHqGkgEtf17l1L7MnOZ1nY/getUpdates "HTTP/1.1 200 OK"
2025-10-25 10:05:23: INFO:httpx:HTTP Request: POST https://api.telegram.org/bot8154094611:AAFF2uibjzso6VHqGkgEtf17l1L7MnOZ1nY/getUpdates "HTTP/1.1 200 OK"
2025-10-25 10:05:33: INFO:httpx:HTTP Request: POST https://api.telegram.org/bot8154094611:AAFF2uibjzso6VHqGkgEtf17l1L7MnOZ1nY/getUpdates "HTTP/1.1 200 OK"
2025-10-25 10:05:43: INFO:httpx:HTTP Request: POST https://api.telegram.org/bot8154094611:AAFF2uibjzso6VHqGkgEtf17l1L7MnOZ1nY/getUpdates "HTTP/1.1 200 OK"
2025-10-25 10:05:53: INFO:httpx:HTTP Request: POST https://api.telegram.org/bot8154094611:AAFF2uibjzso6VHqGkgEtf17l1L7MnOZ1nY/getUpdates "HTTP/1.1 200 OK"
2025-10-25 10:06:03: INFO:httpx:HTTP Request: POST https://api.telegram.org/bot8154094611:AAFF2uibjzso6VHqGkgEtf17l1L7MnOZ1nY/getUpdates "HTTP/1.1 200 OK"
2025-10-25 10:06:13: INFO:httpx:HTTP Request: POST https://api.telegram.org/bot8154094611:AAFF2uibjzso6VHqGkgEtf17l1L7MnOZ1nY/getUpdates "HTTP/1.1 200 OK"
2025-10-25 10:06:23: INFO:httpx:HTTP Request: POST https://api.telegram.org/bot8154094611:AAFF2uibjzso6VHqGkgEtf17l1L7MnOZ1nY/getUpdates "HTTP/1.1 200 OK"
2025-10-25 10:06:33: INFO:httpx:HTTP Request: POST https://api.telegram.org/bot8154094611:AAFF2uibjzso6VHqGkgEtf17l1L7MnOZ1nY/getUpdates "HTTP/1.1 200 OK"
2025-10-25 10:06:43: INFO:httpx:HTTP Request: POST https://api.telegram.org/bot8154094611:AAFF2uibjzso6VHqGkgEtf17l1L7MnOZ1nY/getUpdates "HTTP/1.1 200 OK"
2025-10-25 10:06:53: INFO:httpx:HTTP Request: POST https://api.telegram.org/bot8154094611:AAFF2uibjzso6VHqGkgEtf17l1L7MnOZ1nY/getUpdates "HTTP/1.1 200 OK"
2025-10-25 10:07:03: INFO:httpx:HTTP Request: POST https://api.telegram.org/bot8154094611:AAFF2uibjzso6VHqGkgEtf17l1L7MnOZ1nY/getUpdates "HTTP/1.1 200 OK"
2025-10-25 10:07:13: INFO:httpx:HTTP Request: POST https://api.telegram.org/bot8154094611:AAFF2uibjzso6VHqGkgEtf17l1L7MnOZ1nY/getUpdates "HTTP/1.1 200 OK"
2025-10-25 10:07:23: INFO:httpx:HTTP Request: POST https://api.telegram.org/bot8154094611:AAFF2uibjzso6VHqGkgEtf17l1L7MnOZ1nY/getUpdates "HTTP/1.1 200 OK"
2025-10-25 10:07:33: INFO:httpx:HTTP Request: POST https://api.telegram.org/bot8154094611:AAFF2uibjzso6VHqGkgEtf17l1L7MnOZ1nY/getUpdates "HTTP/1.1 200 OK"
2025-10-25 10:07:43: INFO:httpx:HTTP Request: POST https://api.telegram.org/bot8154094611:AAFF2uibjzso6VHqGkgEtf17l1L7MnOZ1nY/getUpdates "HTTP/1.1 200 OK"
2025-10-25 10:07:53: INFO:httpx:HTTP Request: POST https://api.telegram.org/bot8154094611:AAFF2uibjzso6VHqGkgEtf17l1L7MnOZ1nY/getUpdates "HTTP/1.1 200 OK"
2025-10-25 10:08:03: INFO:httpx:HTTP Request: POST https://api.telegram.org/bot8154094611:AAFF2uibjzso6VHqGkgEtf17l1L7MnOZ1nY/getUpdates "HTTP/1.1 200 OK"
2025-10-25 10:08:13: INFO:httpx:HTTP Request: POST https://api.telegram.org/bot8154094611:AAFF2uibjzso6VHqGkgEtf17l1L7MnOZ1nY/getUpdates "HTTP/1.1 200 OK"
2025-10-25 10:08:23: INFO:httpx:HTTP Request: POST https://api.telegram.org/bot8154094611:AAFF2uibjzso6VHqGkgEtf17l1L7MnOZ1nY/getUpdates "HTTP/1.1 200 OK"
2025-10-25 10:08:33: INFO:httpx:HTTP Request: POST https://api.telegram.org/bot8154094611:AAFF2uibjzso6VHqGkgEtf17l1L7MnOZ1nY/getUpdates "HTTP/1.1 200 OK"
2025-10-25 10:08:43: INFO:httpx:HTTP Request: POST https://api.telegram.org/bot8154094611:AAFF2uibjzso6VHqGkgEtf17l1L7MnOZ1nY/getUpdates "HTTP/1.1 200 OK"
2025-10-25 10:08:53: INFO:httpx:HTTP Request: POST https://api.telegram.org/bot8154094611:AAFF2uibjzso6VHqGkgEtf17l1L7MnOZ1nY/getUpdates "HTTP/1.1 200 OK"
2025-10-25 10:09:03: INFO:httpx:HTTP Request: POST https://api.telegram.org/bot8154094611:AAFF2uibjzso6VHqGkgEtf17l1L7MnOZ1nY/getUpdates "HTTP/1.1 200 OK"
2025-10-25 10:09:13: INFO:httpx:HTTP Request: POST https://api.telegram.org/bot8154094611:AAFF2uibjzso6VHqGkgEtf17l1L7MnOZ1nY/getUpdates "HTTP/1.1 200 OK"
2025-10-25 10:09:23: INFO:httpx:HTTP Request: POST https://api.telegram.org/bot8154094611:AAFF2uibjzso6VHqGkgEtf17l1L7MnOZ1nY/getUpdates "HTTP/1.1 200 OK"
2025-10-25 10:09:33: INFO:httpx:HTTP Request: POST https://api.telegram.org/bot8154094611:AAFF2uibjzso6VHqGkgEtf17l1L7MnOZ1nY/getUpdates "HTTP/1.1 200 OK"
2025-10-25 10:09:43: INFO:httpx:HTTP Request: POST https://api.telegram.org/bot8154094611:AAFF2uibjzso6VHqGkgEtf17l1L7MnOZ1nY/getUpdates "HTTP/1.1 200 OK"
2025-10-25 10:09:53: INFO:httpx:HTTP Request: POST https://api.telegram.org/bot8154094611:AAFF2uibjzso6VHqGkgEtf17l1L7MnOZ1nY/getUpdates "HTTP/1.1 200 OK"
2025-10-25 10:10:03: INFO:httpx:HTTP Request: POST https://api.telegram.org/bot8154094611:AAFF2uibjzso6VHqGkgEtf17l1L7MnOZ1nY/getUpdates "HTTP/1.1 200 OK"
2025-10-25 10:10:13: INFO:httpx:HTTP Request: POST https://api.telegram.org/bot8154094611:AAFF2uibjzso6VHqGkgEtf17l1L7MnOZ1nY/getUpdates "HTTP/1.1 200 OK"
2025-10-25 10:10:23: INFO:httpx:HTTP Request: POST https://api.telegram.org/bot8154094611:AAFF2uibjzso6VHqGkgEtf17l1L7MnOZ1nY/getUpdates "HTTP/1.1 200 OK"
2025-10-25 10:10:33: INFO:httpx:HTTP Request: POST https://api.telegram.org/bot8154094611:AAFF2uibjzso6VHqGkgEtf17l1L7MnOZ1nY/getUpdates "HTTP/1.1 200 OK"
2025-10-25 10:10:43: INFO:httpx:HTTP Request: POST https://api.telegram.org/bot8154094611:AAFF2uibjzso6VHqGkgEtf17l1L7MnOZ1nY/getUpdates "HTTP/1.1 200 OK"
2025-10-25 10:10:53: INFO:httpx:HTTP Request: POST https://api.telegram.org/bot8154094611:AAFF2uibjzso6VHqGkgEtf17l1L7MnOZ1nY/getUpdates "HTTP/1.1 200 OK"
2025-10-25 10:11:03: INFO:httpx:HTTP Request: POST https://api.telegram.org/bot8154094611:AAFF2uibjzso6VHqGkgEtf17l1L7MnOZ1nY/getUpdates "HTTP/1.1 200 OK"
2025-10-25 10:11:13: INFO:httpx:HTTP Request: POST https://api.telegram.org/bot8154094611:AAFF2uibjzso6VHqGkgEtf17l1L7MnOZ1nY/getUpdates "HTTP/1.1 200 OK"
2025-10-25 10:11:23: INFO:httpx:HTTP Request: POST https://api.telegram.org/bot8154094611:AAFF2uibjzso6VHqGkgEtf17l1L7MnOZ1nY/getUpdates "HTTP/1.1 200 OK"
2025-10-25 10:11:33: INFO:httpx:HTTP Request: POST https://api.telegram.org/bot8154094611:AAFF2uibjzso6VHqGkgEtf17l1L7MnOZ1nY/getUpdates "HTTP/1.1 200 OK"
2025-10-25 10:11:43: INFO:httpx:HTTP Request: POST https://api.telegram.org/bot8154094611:AAFF2uibjzso6VHqGkgEtf17l1L7MnOZ1nY/getUpdates "HTTP/1.1 200 OK"
2025-10-25 10:11:53: INFO:httpx:HTTP Request: POST https://api.telegram.org/bot8154094611:AAFF2uibjzso6VHqGkgEtf17l1L7MnOZ1nY/getUpdates "HTTP/1.1 200 OK"
2025-10-25 10:12:03: INFO:httpx:HTTP Request: POST https://api.telegram.org/bot8154094611:AAFF2uibjzso6VHqGkgEtf17l1L7MnOZ1nY/getUpdates "HTTP/1.1 200 OK"
2025-10-25 10:12:13: INFO:httpx:HTTP Request: POST https://api.telegram.org/bot8154094611:AAFF2uibjzso6VHqGkgEtf17l1L7MnOZ1nY/getUpdates "HTTP/1.1 200 OK"
2025-10-25 10:12:23: INFO:httpx:HTTP Request: POST https://api.telegram.org/bot8154094611:AAFF2uibjzso6VHqGkgEtf17l1L7MnOZ1nY/getUpdates "HTTP/1.1 200 OK"
2025-10-25 10:12:33: INFO:httpx:HTTP Request: POST https://api.telegram.org/bot8154094611:AAFF2uibjzso6VHqGkgEtf17l1L7MnOZ1nY/getUpdates "HTTP/1.1 200 OK"
2025-10-25 10:12:43: INFO:httpx:HTTP Request: POST https://api.telegram.org/bot8154094611:AAFF2uibjzso6VHqGkgEtf17l1L7MnOZ1nY/getUpdates "HTTP/1.1 200 OK"
2025-10-25 10:12:54: INFO:httpx:HTTP Request: POST https://api.telegram.org/bot8154094611:AAFF2uibjzso6VHqGkgEtf17l1L7MnOZ1nY/getUpdates "HTTP/1.1 200 OK"
2025-10-25 10:13:04: INFO:httpx:HTTP Request: POST https://api.telegram.org/bot8154094611:AAFF2uibjzso6VHqGkgEtf17l1L7MnOZ1nY/getUpdates "HTTP/1.1 200 OK"
2025-10-25 10:13:14: INFO:httpx:HTTP Request: POST https://api.telegram.org/bot8154094611:AAFF2uibjzso6VHqGkgEtf17l1L7MnOZ1nY/getUpdates "HTTP/1.1 200 OK"
2025-10-25 10:13:24: INFO:httpx:HTTP Request: POST https://api.telegram.org/bot8154094611:AAFF2uibjzso6VHqGkgEtf17l1L7MnOZ1nY/getUpdates "HTTP/1.1 200 OK"
2025-10-25 10:13:34: INFO:httpx:HTTP Request: POST https://api.telegram.org/bot8154094611:AAFF2uibjzso6VHqGkgEtf17l1L7MnOZ1nY/getUpdates "HTTP/1.1 200 OK"
2025-10-25 10:13:44: INFO:httpx:HTTP Request: POST https://api.telegram.org/bot8154094611:AAFF2uibjzso6VHqGkgEtf17l1L7MnOZ1nY/getUpdates "HTTP/1.1 200 OK"
2025-10-25 10:13:54: INFO:httpx:HTTP Request: POST https://api.telegram.org/bot8154094611:AAFF2uibjzso6VHqGkgEtf17l1L7MnOZ1nY/getUpdates "HTTP/1.1 200 OK"
2025-10-25 10:14:04: INFO:httpx:HTTP Request: POST https://api.telegram.org/bot8154094611:AAFF2uibjzso6VHqGkgEtf17l1L7MnOZ1nY/getUpdates "HTTP/1.1 200 OK"
2025-10-25 10:14:14: INFO:httpx:HTTP Request: POST https://api.telegram.org/bot8154094611:AAFF2uibjzso6VHqGkgEtf17l1L7MnOZ1nY/getUpdates "HTTP/1.1 200 OK"
2025-10-25 10:14:24: INFO:httpx:HTTP Request: POST https://api.telegram.org/bot8154094611:AAFF2uibjzso6VHqGkgEtf17l1L7MnOZ1nY/getUpdates "HTTP/1.1 200 OK"
2025-10-25 10:14:34: INFO:httpx:HTTP Request: POST https://api.telegram.org/bot8154094611:AAFF2uibjzso6VHqGkgEtf17l1L7MnOZ1nY/getUpdates "HTTP/1.1 200 OK"
2025-10-25 10:14:44: INFO:httpx:HTTP Request: POST https://api.telegram.org/bot8154094611:AAFF2uibjzso6VHqGkgEtf17l1L7MnOZ1nY/getUpdates "HTTP/1.1 200 OK"
2025-10-25 10:14:54: INFO:httpx:HTTP Request: POST https://api.telegram.org/bot8154094611:AAFF2uibjzso6VHqGkgEtf17l1L7MnOZ1nY/getUpdates "HTTP/1.1 200 OK"
2025-10-25 10:15:04: INFO:httpx:HTTP Request: POST https://api.telegram.org/bot8154094611:AAFF2uibjzso6VHqGkgEtf17l1L7MnOZ1nY/getUpdates "HTTP/1.1 200 OK"
2025-10-25 10:15:14: INFO:httpx:HTTP Request: POST https://api.telegram.org/bot8154094611:AAFF2uibjzso6VHqGkgEtf17l1L7MnOZ1nY/getUpdates "HTTP/1.1 200 OK"
2025-10-25 10:15:24: INFO:httpx:HTTP Request: POST https://api.telegram.org/bot8154094611:AAFF2uibjzso6VHqGkgEtf17l1L7MnOZ1nY/getUpdates "HTTP/1.1 200 OK"
2025-10-25 10:15:34: INFO:httpx:HTTP Request: POST https://api.telegram.org/bot8154094611:AAFF2uibjzso6VHqGkgEtf17l1L7MnOZ1nY/getUpdates "HTTP/1.1 200 OK"
2025-10-25 10:15:44: INFO:httpx:HTTP Request: POST https://api.telegram.org/bot8154094611:AAFF2uibjzso6VHqGkgEtf17l1L7MnOZ1nY/getUpdates "HTTP/1.1 200 OK"
2025-10-25 10:15:54: INFO:httpx:HTTP Request: POST https://api.telegram.org/bot8154094611:AAFF2uibjzso6VHqGkgEtf17l1L7MnOZ1nY/getUpdates "HTTP/1.1 200 OK"
2025-10-25 10:16:04: INFO:httpx:HTTP Request: POST https://api.telegram.org/bot8154094611:AAFF2uibjzso6VHqGkgEtf17l1L7MnOZ1nY/getUpdates "HTTP/1.1 200 OK"
2025-10-25 10:16:14: INFO:httpx:HTTP Request: POST https://api.telegram.org/bot8154094611:AAFF2uibjzso6VHqGkgEtf17l1L7MnOZ1nY/getUpdates "HTTP/1.1 200 OK"
2025-10-25 10:16:24: INFO:httpx:HTTP Request: POST https://api.telegram.org/bot8154094611:AAFF2uibjzso6VHqGkgEtf17l1L7MnOZ1nY/getUpdates "HTTP/1.1 200 OK"
2025-10-25 10:16:34: INFO:httpx:HTTP Request: POST https://api.telegram.org/bot8154094611:AAFF2uibjzso6VHqGkgEtf17l1L7MnOZ1nY/getUpdates "HTTP/1.1 200 OK"
2025-10-25 10:16:44: INFO:httpx:HTTP Request: POST https://api.telegram.org/bot8154094611:AAFF2uibjzso6VHqGkgEtf17l1L7MnOZ1nY/getUpdates "HTTP/1.1 200 OK"
2025-10-25 10:16:54: INFO:httpx:HTTP Request: POST https://api.telegram.org/bot8154094611:AAFF2uibjzso6VHqGkgEtf17l1L7MnOZ1nY/getUpdates "HTTP/1.1 200 OK"
2025-10-25 10:17:04: INFO:httpx:HTTP Request: POST https://api.telegram.org/bot8154094611:AAFF2uibjzso6VHqGkgEtf17l1L7MnOZ1nY/getUpdates "HTTP/1.1 200 OK"
2025-10-25 10:17:14: INFO:httpx:HTTP Request: POST https://api.telegram.org/bot8154094611:AAFF2uibjzso6VHqGkgEtf17l1L7MnOZ1nY/getUpdates "HTTP/1.1 200 OK"
2025-10-25 10:17:24: INFO:httpx:HTTP Request: POST https://api.telegram.org/bot8154094611:AAFF2uibjzso6VHqGkgEtf17l1L7MnOZ1nY/getUpdates "HTTP/1.1 200 OK"
2025-10-25 10:17:34: INFO:httpx:HTTP Request: POST https://api.telegram.org/bot8154094611:AAFF2uibjzso6VHqGkgEtf17l1L7MnOZ1nY/getUpdates "HTTP/1.1 200 OK"
2025-10-25 10:17:44: INFO:httpx:HTTP Request: POST https://api.telegram.org/bot8154094611:AAFF2uibjzso6VHqGkgEtf17l1L7MnOZ1nY/getUpdates "HTTP/1.1 200 OK"
2025-10-25 10:17:54: INFO:httpx:HTTP Request: POST https://api.telegram.org/bot8154094611:AAFF2uibjzso6VHqGkgEtf17l1L7MnOZ1nY/getUpdates "HTTP/1.1 200 OK"
2025-10-25 10:18:04: INFO:httpx:HTTP Request: POST https://api.telegram.org/bot8154094611:AAFF2uibjzso6VHqGkgEtf17l1L7MnOZ1nY/getUpdates "HTTP/1.1 200 OK"
2025-10-25 10:18:14: INFO:httpx:HTTP Request: POST https://api.telegram.org/bot8154094611:AAFF2uibjzso6VHqGkgEtf17l1L7MnOZ1nY/getUpdates "HTTP/1.1 200 OK"
2025-10-25 10:18:24: INFO:httpx:HTTP Request: POST https://api.telegram.org/bot8154094611:AAFF2uibjzso6VHqGkgEtf17l1L7MnOZ1nY/getUpdates "HTTP/1.1 200 OK"
2025-10-25 10:18:34: INFO:httpx:HTTP Request: POST https://api.telegram.org/bot8154094611:AAFF2uibjzso6VHqGkgEtf17l1L7MnOZ1nY/getUpdates "HTTP/1.1 200 OK"
2025-10-25 10:18:44: INFO:httpx:HTTP Request: POST https://api.telegram.org/bot8154094611:AAFF2uibjzso6VHqGkgEtf17l1L7MnOZ1nY/getUpdates "HTTP/1.1 200 OK"
2025-10-25 10:18:54: INFO:httpx:HTTP Request: POST https://api.telegram.org/bot8154094611:AAFF2uibjzso6VHqGkgEtf17l1L7MnOZ1nY/getUpdates "HTTP/1.1 200 OK"
2025-10-25 10:19:04: INFO:httpx:HTTP Request: POST https://api.telegram.org/bot8154094611:AAFF2uibjzso6VHqGkgEtf17l1L7MnOZ1nY/getUpdates "HTTP/1.1 200 OK"
2025-10-25 10:19:14: INFO:httpx:HTTP Request: POST https://api.telegram.org/bot8154094611:AAFF2uibjzso6VHqGkgEtf17l1L7MnOZ1nY/getUpdates "HTTP/1.1 200 OK"
2025-10-25 10:19:24: INFO:httpx:HTTP Request: POST https://api.telegram.org/bot8154094611:AAFF2uibjzso6VHqGkgEtf17l1L7MnOZ1nY/getUpdates "HTTP/1.1 200 OK"
2025-10-25 10:19:34: INFO:httpx:HTTP Request: POST https://api.telegram.org/bot8154094611:AAFF2uibjzso6VHqGkgEtf17l1L7MnOZ1nY/getUpdates "HTTP/1.1 200 OK"
2025-10-25 10:19:44: INFO:httpx:HTTP Request: POST https://api.telegram.org/bot8154094611:AAFF2uibjzso6VHqGkgEtf17l1L7MnOZ1nY/getUpdates "HTTP/1.1 200 OK"
2025-10-25 10:19:55: INFO:httpx:HTTP Request: POST https://api.telegram.org/bot8154094611:AAFF2uibjzso6VHqGkgEtf17l1L7MnOZ1nY/getUpdates "HTTP/1.1 200 OK"
2025-10-25 10:20:05: INFO:httpx:HTTP Request: POST https://api.telegram.org/bot8154094611:AAFF2uibjzso6VHqGkgEtf17l1L7MnOZ1nY/getUpdates "HTTP/1.1 200 OK"
2025-10-25 10:20:15: INFO:httpx:HTTP Request: POST https://api.telegram.org/bot8154094611:AAFF2uibjzso6VHqGkgEtf17l1L7MnOZ1nY/getUpdates "HTTP/1.1 200 OK"
2025-10-25 10:20:25: INFO:httpx:HTTP Request: POST https://api.telegram.org/bot8154094611:AAFF2uibjzso6VHqGkgEtf17l1L7MnOZ1nY/getUpdates "HTTP/1.1 200 OK"
2025-10-25 10:20:35: INFO:httpx:HTTP Request: POST https://api.telegram.org/bot8154094611:AAFF2uibjzso6VHqGkgEtf17l1L7MnOZ1nY/getUpdates "HTTP/1.1 200 OK"
2025-10-25 10:20:45: INFO:httpx:HTTP Request: POST https://api.telegram.org/bot8154094611:AAFF2uibjzso6VHqGkgEtf17l1L7MnOZ1nY/getUpdates "HTTP/1.1 200 OK"
2025-10-25 10:20:55: INFO:httpx:HTTP Request: POST https://api.telegram.org/bot8154094611:AAFF2uibjzso6VHqGkgEtf17l1L7MnOZ1nY/getUpdates "HTTP/1.1 200 OK"
2025-10-25 10:21:05: INFO:httpx:HTTP Request: POST https://api.telegram.org/bot8154094611:AAFF2uibjzso6VHqGkgEtf17l1L7MnOZ1nY/getUpdates "HTTP/1.1 200 OK"
2025-10-25 10:21:15: INFO:httpx:HTTP Request: POST https://api.telegram.org/bot8154094611:AAFF2uibjzso6VHqGkgEtf17l1L7MnOZ1nY/getUpdates "HTTP/1.1 200 OK"
2025-10-25 10:21:25: INFO:httpx:HTTP Request: POST https://api.telegram.org/bot8154094611:AAFF2uibjzso6VHqGkgEtf17l1L7MnOZ1nY/getUpdates "HTTP/1.1 200 OK"
2025-10-25 10:21:35: INFO:httpx:HTTP Request: POST https://api.telegram.org/bot8154094611:AAFF2uibjzso6VHqGkgEtf17l1L7MnOZ1nY/getUpdates "HTTP/1.1 200 OK"
2025-10-25 10:21:45: INFO:httpx:HTTP Request: POST https://api.telegram.org/bot8154094611:AAFF2uibjzso6VHqGkgEtf17l1L7MnOZ1nY/getUpdates "HTTP/1.1 200 OK"
2025-10-25 10:21:55: INFO:httpx:HTTP Request: POST https://api.telegram.org/bot8154094611:AAFF2uibjzso6VHqGkgEtf17l1L7MnOZ1nY/getUpdates "HTTP/1.1 200 OK"
2025-10-25 10:22:05: INFO:httpx:HTTP Request: POST https://api.telegram.org/bot8154094611:AAFF2uibjzso6VHqGkgEtf17l1L7MnOZ1nY/getUpdates "HTTP/1.1 200 OK"
2025-10-25 10:22:15: INFO:httpx:HTTP Request: POST https://api.telegram.org/bot8154094611:AAFF2uibjzso6VHqGkgEtf17l1L7MnOZ1nY/getUpdates "HTTP/1.1 200 OK"
2025-10-25 10:22:25: INFO:httpx:HTTP Request: POST https://api.telegram.org/bot8154094611:AAFF2uibjzso6VHqGkgEtf17l1L7MnOZ1nY/getUpdates "HTTP/1.1 200 OK"
2025-10-25 10:22:35: INFO:httpx:HTTP Request: POST https://api.telegram.org/bot8154094611:AAFF2uibjzso6VHqGkgEtf17l1L7MnOZ1nY/getUpdates "HTTP/1.1 200 OK"
2025-10-25 10:22:45: INFO:httpx:HTTP Request: POST https://api.telegram.org/bot8154094611:AAFF2uibjzso6VHqGkgEtf17l1L7MnOZ1nY/getUpdates "HTTP/1.1 200 OK"
2025-10-25 10:22:55: INFO:httpx:HTTP Request: POST https://api.telegram.org/bot8154094611:AAFF2uibjzso6VHqGkgEtf17l1L7MnOZ1nY/getUpdates "HTTP/1.1 200 OK"
2025-10-25 10:23:05: INFO:httpx:HTTP Request: POST https://api.telegram.org/bot8154094611:AAFF2uibjzso6VHqGkgEtf17l1L7MnOZ1nY/getUpdates "HTTP/1.1 200 OK"
2025-10-25 10:23:15: INFO:httpx:HTTP Request: POST https://api.telegram.org/bot8154094611:AAFF2uibjzso6VHqGkgEtf17l1L7MnOZ1nY/getUpdates "HTTP/1.1 200 OK"
2025-10-25 10:23:25: INFO:httpx:HTTP Request: POST https://api.telegram.org/bot8154094611:AAFF2uibjzso6VHqGkgEtf17l1L7MnOZ1nY/getUpdates "HTTP/1.1 200 OK"
2025-10-25 10:23:35: INFO:httpx:HTTP Request: POST https://api.telegram.org/bot8154094611:AAFF2uibjzso6VHqGkgEtf17l1L7MnOZ1nY/getUpdates "HTTP/1.1 200 OK"
2025-10-25 10:23:45: INFO:httpx:HTTP Request: POST https://api.telegram.org/bot8154094611:AAFF2uibjzso6VHqGkgEtf17l1L7MnOZ1nY/getUpdates "HTTP/1.1 200 OK"
2025-10-25 10:23:55: INFO:httpx:HTTP Request: POST https://api.telegram.org/bot8154094611:AAFF2uibjzso6VHqGkgEtf17l1L7MnOZ1nY/getUpdates "HTTP/1.1 200 OK"
2025-10-25 10:24:05: INFO:httpx:HTTP Request: POST https://api.telegram.org/bot8154094611:AAFF2uibjzso6VHqGkgEtf17l1L7MnOZ1nY/getUpdates "HTTP/1.1 200 OK"
2025-10-25 10:24:15: INFO:httpx:HTTP Request: POST https://api.telegram.org/bot8154094611:AAFF2uibjzso6VHqGkgEtf17l1L7MnOZ1nY/getUpdates "HTTP/1.1 200 OK"
2025-10-25 10:24:25: INFO:httpx:HTTP Request: POST https://api.telegram.org/bot8154094611:AAFF2uibjzso6VHqGkgEtf17l1L7MnOZ1nY/getUpdates "HTTP/1.1 200 OK"
2025-10-25 10:24:35: INFO:httpx:HTTP Request: POST https://api.telegram.org/bot8154094611:AAFF2uibjzso6VHqGkgEtf17l1L7MnOZ1nY/getUpdates "HTTP/1.1 200 OK"
2025-10-25 10:24:45: INFO:httpx:HTTP Request: POST https://api.telegram.org/bot8154094611:AAFF2uibjzso6VHqGkgEtf17l1L7MnOZ1nY/getUpdates "HTTP/1.1 200 OK"
2025-10-25 10:24:55: INFO:httpx:HTTP Request: POST https://api.telegram.org/bot8154094611:AAFF2uibjzso6VHqGkgEtf17l1L7MnOZ1nY/getUpdates "HTTP/1.1 200 OK"
2025-10-25 10:25:05: INFO:httpx:HTTP Request: POST https://api.telegram.org/bot8154094611:AAFF2uibjzso6VHqGkgEtf17l1L7MnOZ1nY/getUpdates "HTTP/1.1 200 OK"
2025-10-25 10:25:15: INFO:httpx:HTTP Request: POST https://api.telegram.org/bot8154094611:AAFF2uibjzso6VHqGkgEtf17l1L7MnOZ1nY/getUpdates "HTTP/1.1 200 OK"
2025-10-25 10:25:25: INFO:httpx:HTTP Request: POST https://api.telegram.org/bot8154094611:AAFF2uibjzso6VHqGkgEtf17l1L7MnOZ1nY/getUpdates "HTTP/1.1 200 OK"
2025-10-25 10:25:35: INFO:httpx:HTTP Request: POST https://api.telegram.org/bot8154094611:AAFF2uibjzso6VHqGkgEtf17l1L7MnOZ1nY/getUpdates "HTTP/1.1 200 OK"
2025-10-25 10:25:45: INFO:httpx:HTTP Request: POST https://api.telegram.org/bot8154094611:AAFF2uibjzso6VHqGkgEtf17l1L7MnOZ1nY/getUpdates "HTTP/1.1 200 OK"
2025-10-25 10:25:55: INFO:httpx:HTTP Request: POST https://api.telegram.org/bot8154094611:AAFF2uibjzso6VHqGkgEtf17l1L7MnOZ1nY/getUpdates "HTTP/1.1 200 OK"
2025-10-25 10:26:05: INFO:httpx:HTTP Request: POST https://api.telegram.org/bot8154094611:AAFF2uibjzso6VHqGkgEtf17l1L7MnOZ1nY/getUpdates "HTTP/1.1 200 OK"
2025-10-25 10:26:15: INFO:httpx:HTTP Request: POST https://api.telegram.org/bot8154094611:AAFF2uibjzso6VHqGkgEtf17l1L7MnOZ1nY/getUpdates "HTTP/1.1 200 OK"
2025-10-25 10:26:25: INFO:httpx:HTTP Request: POST https://api.telegram.org/bot8154094611:AAFF2uibjzso6VHqGkgEtf17l1L7MnOZ1nY/getUpdates "HTTP/1.1 200 OK"
2025-10-25 10:26:35: INFO:httpx:HTTP Request: POST https://api.telegram.org/bot8154094611:AAFF2uibjzso6VHqGkgEtf17l1L7MnOZ1nY/getUpdates "HTTP/1.1 200 OK"
2025-10-25 10:26:45: INFO:httpx:HTTP Request: POST https://api.telegram.org/bot8154094611:AAFF2uibjzso6VHqGkgEtf17l1L7MnOZ1nY/getUpdates "HTTP/1.1 200 OK"
2025-10-25 10:26:55: INFO:httpx:HTTP Request: POST https://api.telegram.org/bot8154094611:AAFF2uibjzso6VHqGkgEtf17l1L7MnOZ1nY/getUpdates "HTTP/1.1 200 OK"
2025-10-25 10:27:05: INFO:httpx:HTTP Request: POST https://api.telegram.org/bot8154094611:AAFF2uibjzso6VHqGkgEtf17l1L7MnOZ1nY/getUpdates "HTTP/1.1 200 OK"
2025-10-25 10:27:15: INFO:httpx:HTTP Request: POST https://api.telegram.org/bot8154094611:AAFF2uibjzso6VHqGkgEtf17l1L7MnOZ1nY/getUpdates "HTTP/1.1 200 OK"
2025-10-25 10:27:26: INFO:httpx:HTTP Request: POST https://api.telegram.org/bot8154094611:AAFF2uibjzso6VHqGkgEtf17l1L7MnOZ1nY/getUpdates "HTTP/1.1 200 OK"
2025-10-25 10:27:36: INFO:httpx:HTTP Request: POST https://api.telegram.org/bot8154094611:AAFF2uibjzso6VHqGkgEtf17l1L7MnOZ1nY/getUpdates "HTTP/1.1 200 OK"
2025-10-25 10:27:46: INFO:httpx:HTTP Request: POST https://api.telegram.org/bot8154094611:AAFF2uibjzso6VHqGkgEtf17l1L7MnOZ1nY/getUpdates "HTTP/1.1 200 OK"
2025-10-25 10:27:56: INFO:httpx:HTTP Request: POST https://api.telegram.org/bot8154094611:AAFF2uibjzso6VHqGkgEtf17l1L7MnOZ1nY/getUpdates "HTTP/1.1 200 OK"
2025-10-25 10:28:06: INFO:httpx:HTTP Request: POST https://api.telegram.org/bot8154094611:AAFF2uibjzso6VHqGkgEtf17l1L7MnOZ1nY/getUpdates "HTTP/1.1 200 OK"
2025-10-25 10:28:16: INFO:httpx:HTTP Request: POST https://api.telegram.org/bot8154094611:AAFF2uibjzso6VHqGkgEtf17l1L7MnOZ1nY/getUpdates "HTTP/1.1 200 OK"
2025-10-25 10:28:26: INFO:httpx:HTTP Request: POST https://api.telegram.org/bot8154094611:AAFF2uibjzso6VHqGkgEtf17l1L7MnOZ1nY/getUpdates "HTTP/1.1 200 OK"
2025-10-25 10:28:36: INFO:httpx:HTTP Request: POST https://api.telegram.org/bot8154094611:AAFF2uibjzso6VHqGkgEtf17l1L7MnOZ1nY/getUpdates "HTTP/1.1 200 OK"
2025-10-25 10:28:46: INFO:httpx:HTTP Request: POST https://api.telegram.org/bot8154094611:AAFF2uibjzso6VHqGkgEtf17l1L7MnOZ1nY/getUpdates "HTTP/1.1 200 OK"
2025-10-25 10:28:56: INFO:httpx:HTTP Request: POST https://api.telegram.org/bot8154094611:AAFF2uibjzso6VHqGkgEtf17l1L7MnOZ1nY/getUpdates "HTTP/1.1 200 OK"
2025-10-25 10:29:06: INFO:httpx:HTTP Request: POST https://api.telegram.org/bot8154094611:AAFF2uibjzso6VHqGkgEtf17l1L7MnOZ1nY/getUpdates "HTTP/1.1 200 OK"
2025-10-25 10:29:16: INFO:httpx:HTTP Request: POST https://api.telegram.org/bot8154094611:AAFF2uibjzso6VHqGkgEtf17l1L7MnOZ1nY/getUpdates "HTTP/1.1 200 OK"
2025-10-25 10:29:26: INFO:httpx:HTTP Request: POST https://api.telegram.org/bot8154094611:AAFF2uibjzso6VHqGkgEtf17l1L7MnOZ1nY/getUpdates "HTTP/1.1 200 OK"
2025-10-25 10:29:36: INFO:httpx:HTTP Request: POST https://api.telegram.org/bot8154094611:AAFF2uibjzso6VHqGkgEtf17l1L7MnOZ1nY/getUpdates "HTTP/1.1 200 OK"
2025-10-25 10:29:46: INFO:httpx:HTTP Request: POST https://api.telegram.org/bot8154094611:AAFF2uibjzso6VHqGkgEtf17l1L7MnOZ1nY/getUpdates "HTTP/1.1 200 OK"
2025-10-25 10:29:56: INFO:httpx:HTTP Request: POST https://api.telegram.org/bot8154094611:AAFF2uibjzso6VHqGkgEtf17l1L7MnOZ1nY/getUpdates "HTTP/1.1 200 OK"
2025-10-25 10:30:06: INFO:httpx:HTTP Request: POST https://api.telegram.org/bot8154094611:AAFF2uibjzso6VHqGkgEtf17l1L7MnOZ1nY/getUpdates "HTTP/1.1 200 OK"
2025-10-25 10:30:16: INFO:httpx:HTTP Request: POST https://api.telegram.org/bot8154094611:AAFF2uibjzso6VHqGkgEtf17l1L7MnOZ1nY/getUpdates "HTTP/1.1 200 OK"
2025-10-25 10:30:26: INFO:httpx:HTTP Request: POST https://api.telegram.org/bot8154094611:AAFF2uibjzso6VHqGkgEtf17l1L7MnOZ1nY/getUpdates "HTTP/1.1 200 OK"
2025-10-25 10:30:36: INFO:httpx:HTTP Request: POST https://api.telegram.org/bot8154094611:AAFF2uibjzso6VHqGkgEtf17l1L7MnOZ1nY/getUpdates "HTTP/1.1 200 OK"
2025-10-25 10:30:46: INFO:httpx:HTTP Request: POST https://api.telegram.org/bot8154094611:AAFF2uibjzso6VHqGkgEtf17l1L7MnOZ1nY/getUpdates "HTTP/1.1 200 OK"
2025-10-25 10:30:56: INFO:httpx:HTTP Request: POST https://api.telegram.org/bot8154094611:AAFF2uibjzso6VHqGkgEtf17l1L7MnOZ1nY/getUpdates "HTTP/1.1 200 OK"
2025-10-25 10:31:06: INFO:httpx:HTTP Request: POST https://api.telegram.org/bot8154094611:AAFF2uibjzso6VHqGkgEtf17l1L7MnOZ1nY/getUpdates "HTTP/1.1 200 OK"
2025-10-25 10:31:16: INFO:httpx:HTTP Request: POST https://api.telegram.org/bot8154094611:AAFF2uibjzso6VHqGkgEtf17l1L7MnOZ1nY/getUpdates "HTTP/1.1 200 OK"
2025-10-25 10:31:26: INFO:httpx:HTTP Request: POST https://api.telegram.org/bot8154094611:AAFF2uibjzso6VHqGkgEtf17l1L7MnOZ1nY/getUpdates "HTTP/1.1 200 OK"
2025-10-25 10:31:36: INFO:httpx:HTTP Request: POST https://api.telegram.org/bot8154094611:AAFF2uibjzso6VHqGkgEtf17l1L7MnOZ1nY/getUpdates "HTTP/1.1 200 OK"
2025-10-25 10:31:46: INFO:httpx:HTTP Request: POST https://api.telegram.org/bot8154094611:AAFF2uibjzso6VHqGkgEtf17l1L7MnOZ1nY/getUpdates "HTTP/1.1 200 OK"
2025-10-25 10:31:56: INFO:httpx:HTTP Request: POST https://api.telegram.org/bot8154094611:AAFF2uibjzso6VHqGkgEtf17l1L7MnOZ1nY/getUpdates "HTTP/1.1 200 OK"
2025-10-25 10:32:06: INFO:httpx:HTTP Request: POST https://api.telegram.org/bot8154094611:AAFF2uibjzso6VHqGkgEtf17l1L7MnOZ1nY/getUpdates "HTTP/1.1 200 OK"
2025-10-25 10:32:16: INFO:httpx:HTTP Request: POST https://api.telegram.org/bot8154094611:AAFF2uibjzso6VHqGkgEtf17l1L7MnOZ1nY/getUpdates "HTTP/1.1 200 OK"
2025-10-25 10:32:26: INFO:httpx:HTTP Request: POST https://api.telegram.org/bot8154094611:AAFF2uibjzso6VHqGkgEtf17l1L7MnOZ1nY/getUpdates "HTTP/1.1 200 OK"
2025-10-25 10:32:36: INFO:httpx:HTTP Request: POST https://api.telegram.org/bot8154094611:AAFF2uibjzso6VHqGkgEtf17l1L7MnOZ1nY/getUpdates "HTTP/1.1 200 OK"
2025-10-25 10:32:46: INFO:httpx:HTTP Request: POST https://api.telegram.org/bot8154094611:AAFF2uibjzso6VHqGkgEtf17l1L7MnOZ1nY/getUpdates "HTTP/1.1 200 OK"
2025-10-25 10:32:56: INFO:httpx:HTTP Request: POST https://api.telegram.org/bot8154094611:AAFF2uibjzso6VHqGkgEtf17l1L7MnOZ1nY/getUpdates "HTTP/1.1 200 OK"
2025-10-25 10:33:06: INFO:httpx:HTTP Request: POST https://api.telegram.org/bot8154094611:AAFF2uibjzso6VHqGkgEtf17l1L7MnOZ1nY/getUpdates "HTTP/1.1 200 OK"
2025-10-25 10:33:16: INFO:httpx:HTTP Request: POST https://api.telegram.org/bot8154094611:AAFF2uibjzso6VHqGkgEtf17l1L7MnOZ1nY/getUpdates "HTTP/1.1 200 OK"
2025-10-25 10:33:26: INFO:httpx:HTTP Request: POST https://api.telegram.org/bot8154094611:AAFF2uibjzso6VHqGkgEtf17l1L7MnOZ1nY/getUpdates "HTTP/1.1 200 OK"
2025-10-25 10:33:36: INFO:httpx:HTTP Request: POST https://api.telegram.org/bot8154094611:AAFF2uibjzso6VHqGkgEtf17l1L7MnOZ1nY/getUpdates "HTTP/1.1 200 OK"
2025-10-25 10:33:46: INFO:httpx:HTTP Request: POST https://api.telegram.org/bot8154094611:AAFF2uibjzso6VHqGkgEtf17l1L7MnOZ1nY/getUpdates "HTTP/1.1 200 OK"
2025-10-25 10:33:56: INFO:httpx:HTTP Request: POST https://api.telegram.org/bot8154094611:AAFF2uibjzso6VHqGkgEtf17l1L7MnOZ1nY/getUpdates "HTTP/1.1 200 OK"
2025-10-25 10:34:06: INFO:httpx:HTTP Request: POST https://api.telegram.org/bot8154094611:AAFF2uibjzso6VHqGkgEtf17l1L7MnOZ1nY/getUpdates "HTTP/1.1 200 OK"
2025-10-25 10:34:16: INFO:httpx:HTTP Request: POST https://api.telegram.org/bot8154094611:AAFF2uibjzso6VHqGkgEtf17l1L7MnOZ1nY/getUpdates "HTTP/1.1 200 OK"
2025-10-25 10:34:26: INFO:httpx:HTTP Request: POST https://api.telegram.org/bot8154094611:AAFF2uibjzso6VHqGkgEtf17l1L7MnOZ1nY/getUpdates "HTTP/1.1 200 OK"
2025-10-25 10:34:37: INFO:httpx:HTTP Request: POST https://api.telegram.org/bot8154094611:AAFF2uibjzso6VHqGkgEtf17l1L7MnOZ1nY/getUpdates "HTTP/1.1 200 OK"
2025-10-25 10:34:47: INFO:httpx:HTTP Request: POST https://api.telegram.org/bot8154094611:AAFF2uibjzso6VHqGkgEtf17l1L7MnOZ1nY/getUpdates "HTTP/1.1 200 OK"
2025-10-25 10:34:57: INFO:httpx:HTTP Request: POST https://api.telegram.org/bot8154094611:AAFF2uibjzso6VHqGkgEtf17l1L7MnOZ1nY/getUpdates "HTTP/1.1 200 OK"
2025-10-25 10:35:07: INFO:httpx:HTTP Request: POST https://api.telegram.org/bot8154094611:AAFF2uibjzso6VHqGkgEtf17l1L7MnOZ1nY/getUpdates "HTTP/1.1 200 OK"
2025-10-25 10:35:17: INFO:httpx:HTTP Request: POST https://api.telegram.org/bot8154094611:AAFF2uibjzso6VHqGkgEtf17l1L7MnOZ1nY/getUpdates "HTTP/1.1 200 OK"
2025-10-25 10:35:27: INFO:httpx:HTTP Request: POST https://api.telegram.org/bot8154094611:AAFF2uibjzso6VHqGkgEtf17l1L7MnOZ1nY/getUpdates "HTTP/1.1 200 OK"
2025-10-25 10:35:37: INFO:httpx:HTTP Request: POST https://api.telegram.org/bot8154094611:AAFF2uibjzso6VHqGkgEtf17l1L7MnOZ1nY/getUpdates "HTTP/1.1 200 OK"
2025-10-25 10:35:47: INFO:httpx:HTTP Request: POST https://api.telegram.org/bot8154094611:AAFF2uibjzso6VHqGkgEtf17l1L7MnOZ1nY/getUpdates "HTTP/1.1 200 OK"
2025-10-25 10:35:57: INFO:httpx:HTTP Request: POST https://api.telegram.org/bot8154094611:AAFF2uibjzso6VHqGkgEtf17l1L7MnOZ1nY/getUpdates "HTTP/1.1 200 OK"
2025-10-25 10:36:07: INFO:httpx:HTTP Request: POST https://api.telegram.org/bot8154094611:AAFF2uibjzso6VHqGkgEtf17l1L7MnOZ1nY/getUpdates "HTTP/1.1 200 OK"
2025-10-25 10:36:17: INFO:httpx:HTTP Request: POST https://api.telegram.org/bot8154094611:AAFF2uibjzso6VHqGkgEtf17l1L7MnOZ1nY/getUpdates "HTTP/1.1 200 OK"
2025-10-25 10:36:27: INFO:httpx:HTTP Request: POST https://api.telegram.org/bot8154094611:AAFF2uibjzso6VHqGkgEtf17l1L7MnOZ1nY/getUpdates "HTTP/1.1 200 OK"
2025-10-25 10:36:37: INFO:httpx:HTTP Request: POST https://api.telegram.org/bot8154094611:AAFF2uibjzso6VHqGkgEtf17l1L7MnOZ1nY/getUpdates "HTTP/1.1 200 OK"
2025-10-25 10:36:47: INFO:httpx:HTTP Request: POST https://api.telegram.org/bot8154094611:AAFF2uibjzso6VHqGkgEtf17l1L7MnOZ1nY/getUpdates "HTTP/1.1 200 OK"
2025-10-25 10:36:57: INFO:httpx:HTTP Request: POST https://api.telegram.org/bot8154094611:AAFF2uibjzso6VHqGkgEtf17l1L7MnOZ1nY/getUpdates "HTTP/1.1 200 OK"
2025-10-25 10:37:07: INFO:httpx:HTTP Request: POST https://api.telegram.org/bot8154094611:AAFF2uibjzso6VHqGkgEtf17l1L7MnOZ1nY/getUpdates "HTTP/1.1 200 OK"
2025-10-25 10:37:17: INFO:httpx:HTTP Request: POST https://api.telegram.org/bot8154094611:AAFF2uibjzso6VHqGkgEtf17l1L7MnOZ1nY/getUpdates "HTTP/1.1 200 OK"
2025-10-25 10:37:27: INFO:httpx:HTTP Request: POST https://api.telegram.org/bot8154094611:AAFF2uibjzso6VHqGkgEtf17l1L7MnOZ1nY/getUpdates "HTTP/1.1 200 OK"
2025-10-25 10:37:37: INFO:httpx:HTTP Request: POST https://api.telegram.org/bot8154094611:AAFF2uibjzso6VHqGkgEtf17l1L7MnOZ1nY/getUpdates "HTTP/1.1 200 OK"
2025-10-25 10:37:47: INFO:httpx:HTTP Request: POST https://api.telegram.org/bot8154094611:AAFF2uibjzso6VHqGkgEtf17l1L7MnOZ1nY/getUpdates "HTTP/1.1 200 OK"
2025-10-25 10:37:57: INFO:httpx:HTTP Request: POST https://api.telegram.org/bot8154094611:AAFF2uibjzso6VHqGkgEtf17l1L7MnOZ1nY/getUpdates "HTTP/1.1 200 OK"
2025-10-25 10:38:07: INFO:httpx:HTTP Request: POST https://api.telegram.org/bot8154094611:AAFF2uibjzso6VHqGkgEtf17l1L7MnOZ1nY/getUpdates "HTTP/1.1 200 OK"
2025-10-25 10:38:17: INFO:httpx:HTTP Request: POST https://api.telegram.org/bot8154094611:AAFF2uibjzso6VHqGkgEtf17l1L7MnOZ1nY/getUpdates "HTTP/1.1 200 OK"
2025-10-25 10:38:27: INFO:httpx:HTTP Request: POST https://api.telegram.org/bot8154094611:AAFF2uibjzso6VHqGkgEtf17l1L7MnOZ1nY/getUpdates "HTTP/1.1 200 OK"
2025-10-25 10:38:37: INFO:httpx:HTTP Request: POST https://api.telegram.org/bot8154094611:AAFF2uibjzso6VHqGkgEtf17l1L7MnOZ1nY/getUpdates "HTTP/1.1 200 OK"
2025-10-25 10:38:47: INFO:httpx:HTTP Request: POST https://api.telegram.org/bot8154094611:AAFF2uibjzso6VHqGkgEtf17l1L7MnOZ1nY/getUpdates "HTTP/1.1 200 OK"
2025-10-25 10:38:57: INFO:httpx:HTTP Request: POST https://api.telegram.org/bot8154094611:AAFF2uibjzso6VHqGkgEtf17l1L7MnOZ1nY/getUpdates "HTTP/1.1 200 OK"
2025-10-25 10:39:07: INFO:httpx:HTTP Request: POST https://api.telegram.org/bot8154094611:AAFF2uibjzso6VHqGkgEtf17l1L7MnOZ1nY/getUpdates "HTTP/1.1 200 OK"
2025-10-25 10:39:17: INFO:httpx:HTTP Request: POST https://api.telegram.org/bot8154094611:AAFF2uibjzso6VHqGkgEtf17l1L7MnOZ1nY/getUpdates "HTTP/1.1 200 OK"
2025-10-25 10:39:27: INFO:httpx:HTTP Request: POST https://api.telegram.org/bot8154094611:AAFF2uibjzso6VHqGkgEtf17l1L7MnOZ1nY/getUpdates "HTTP/1.1 200 OK"
2025-10-25 10:39:37: INFO:httpx:HTTP Request: POST https://api.telegram.org/bot8154094611:AAFF2uibjzso6VHqGkgEtf17l1L7MnOZ1nY/getUpdates "HTTP/1.1 200 OK"
2025-10-25 10:39:47: INFO:httpx:HTTP Request: POST https://api.telegram.org/bot8154094611:AAFF2uibjzso6VHqGkgEtf17l1L7MnOZ1nY/getUpdates "HTTP/1.1 200 OK"
2025-10-25 10:39:57: INFO:httpx:HTTP Request: POST https://api.telegram.org/bot8154094611:AAFF2uibjzso6VHqGkgEtf17l1L7MnOZ1nY/getUpdates "HTTP/1.1 200 OK"
2025-10-25 10:40:07: INFO:httpx:HTTP Request: POST https://api.telegram.org/bot8154094611:AAFF2uibjzso6VHqGkgEtf17l1L7MnOZ1nY/getUpdates "HTTP/1.1 200 OK"
2025-10-25 10:40:17: INFO:httpx:HTTP Request: POST https://api.telegram.org/bot8154094611:AAFF2uibjzso6VHqGkgEtf17l1L7MnOZ1nY/getUpdates "HTTP/1.1 200 OK"
2025-10-25 10:40:27: INFO:httpx:HTTP Request: POST https://api.telegram.org/bot8154094611:AAFF2uibjzso6VHqGkgEtf17l1L7MnOZ1nY/getUpdates "HTTP/1.1 200 OK"
2025-10-25 10:40:37: INFO:httpx:HTTP Request: POST https://api.telegram.org/bot8154094611:AAFF2uibjzso6VHqGkgEtf17l1L7MnOZ1nY/getUpdates "HTTP/1.1 200 OK"
2025-10-25 10:40:47: INFO:httpx:HTTP Request: POST https://api.telegram.org/bot8154094611:AAFF2uibjzso6VHqGkgEtf17l1L7MnOZ1nY/getUpdates "HTTP/1.1 200 OK"
2025-10-25 10:40:57: INFO:httpx:HTTP Request: POST https://api.telegram.org/bot8154094611:AAFF2uibjzso6VHqGkgEtf17l1L7MnOZ1nY/getUpdates "HTTP/1.1 200 OK"
2025-10-25 10:41:07: INFO:httpx:HTTP Request: POST https://api.telegram.org/bot8154094611:AAFF2uibjzso6VHqGkgEtf17l1L7MnOZ1nY/getUpdates "HTTP/1.1 200 OK"
2025-10-25 10:41:17: INFO:httpx:HTTP Request: POST https://api.telegram.org/bot8154094611:AAFF2uibjzso6VHqGkgEtf17l1L7MnOZ1nY/getUpdates "HTTP/1.1 200 OK"
2025-10-25 10:41:27: INFO:httpx:HTTP Request: POST https://api.telegram.org/bot8154094611:AAFF2uibjzso6VHqGkgEtf17l1L7MnOZ1nY/getUpdates "HTTP/1.1 200 OK"
2025-10-25 10:41:37: INFO:httpx:HTTP Request: POST https://api.telegram.org/bot8154094611:AAFF2uibjzso6VHqGkgEtf17l1L7MnOZ1nY/getUpdates "HTTP/1.1 200 OK"
2025-10-25 10:41:47: INFO:httpx:HTTP Request: POST https://api.telegram.org/bot8154094611:AAFF2uibjzso6VHqGkgEtf17l1L7MnOZ1nY/getUpdates "HTTP/1.1 200 OK"
2025-10-25 10:41:57: INFO:httpx:HTTP Request: POST https://api.telegram.org/bot8154094611:AAFF2uibjzso6VHqGkgEtf17l1L7MnOZ1nY/getUpdates "HTTP/1.1 200 OK"
2025-10-25 10:42:07: INFO:httpx:HTTP Request: POST https://api.telegram.org/bot8154094611:AAFF2uibjzso6VHqGkgEtf17l1L7MnOZ1nY/getUpdates "HTTP/1.1 200 OK"
2025-10-25 10:42:17: INFO:httpx:HTTP Request: POST https://api.telegram.org/bot8154094611:AAFF2uibjzso6VHqGkgEtf17l1L7MnOZ1nY/getUpdates "HTTP/1.1 200 OK"
2025-10-25 10:42:27: INFO:httpx:HTTP Request: POST https://api.telegram.org/bot8154094611:AAFF2uibjzso6VHqGkgEtf17l1L7MnOZ1nY/getUpdates "HTTP/1.1 200 OK"
2025-10-25 10:42:37: INFO:httpx:HTTP Request: POST https://api.telegram.org/bot8154094611:AAFF2uibjzso6VHqGkgEtf17l1L7MnOZ1nY/getUpdates "HTTP/1.1 200 OK"
2025-10-25 10:42:47: INFO:httpx:HTTP Request: POST https://api.telegram.org/bot8154094611:AAFF2uibjzso6VHqGkgEtf17l1L7MnOZ1nY/getUpdates "HTTP/1.1 200 OK"
2025-10-25 10:42:57: INFO:httpx:HTTP Request: POST https://api.telegram.org/bot8154094611:AAFF2uibjzso6VHqGkgEtf17l1L7MnOZ1nY/getUpdates "HTTP/1.1 200 OK"
2025-10-25 10:43:08: INFO:httpx:HTTP Request: POST https://api.telegram.org/bot8154094611:AAFF2uibjzso6VHqGkgEtf17l1L7MnOZ1nY/getUpdates "HTTP/1.1 200 OK"
2025-10-25 10:43:18: INFO:httpx:HTTP Request: POST https://api.telegram.org/bot8154094611:AAFF2uibjzso6VHqGkgEtf17l1L7MnOZ1nY/getUpdates "HTTP/1.1 200 OK"
2025-10-25 10:43:28: INFO:httpx:HTTP Request: POST https://api.telegram.org/bot8154094611:AAFF2uibjzso6VHqGkgEtf17l1L7MnOZ1nY/getUpdates "HTTP/1.1 200 OK"
2025-10-25 10:43:38: INFO:httpx:HTTP Request: POST https://api.telegram.org/bot8154094611:AAFF2uibjzso6VHqGkgEtf17l1L7MnOZ1nY/getUpdates "HTTP/1.1 200 OK"
2025-10-25 10:43:48: INFO:httpx:HTTP Request: POST https://api.telegram.org/bot8154094611:AAFF2uibjzso6VHqGkgEtf17l1L7MnOZ1nY/getUpdates "HTTP/1.1 200 OK"
2025-10-25 10:43:58: INFO:httpx:HTTP Request: POST https://api.telegram.org/bot8154094611:AAFF2uibjzso6VHqGkgEtf17l1L7MnOZ1nY/getUpdates "HTTP/1.1 200 OK"
2025-10-25 10:44:08: INFO:httpx:HTTP Request: POST https://api.telegram.org/bot8154094611:AAFF2uibjzso6VHqGkgEtf17l1L7MnOZ1nY/getUpdates "HTTP/1.1 200 OK"
2025-10-25 10:44:18: INFO:httpx:HTTP Request: POST https://api.telegram.org/bot8154094611:AAFF2uibjzso6VHqGkgEtf17l1L7MnOZ1nY/getUpdates "HTTP/1.1 200 OK"
2025-10-25 10:44:28: INFO:httpx:HTTP Request: POST https://api.telegram.org/bot8154094611:AAFF2uibjzso6VHqGkgEtf17l1L7MnOZ1nY/getUpdates "HTTP/1.1 200 OK"
2025-10-25 10:44:38: INFO:httpx:HTTP Request: POST https://api.telegram.org/bot8154094611:AAFF2uibjzso6VHqGkgEtf17l1L7MnOZ1nY/getUpdates "HTTP/1.1 200 OK"
2025-10-25 10:44:48: INFO:httpx:HTTP Request: POST https://api.telegram.org/bot8154094611:AAFF2uibjzso6VHqGkgEtf17l1L7MnOZ1nY/getUpdates "HTTP/1.1 200 OK"
2025-10-25 10:44:58: INFO:httpx:HTTP Request: POST https://api.telegram.org/bot8154094611:AAFF2uibjzso6VHqGkgEtf17l1L7MnOZ1nY/getUpdates "HTTP/1.1 200 OK"
2025-10-25 10:45:08: INFO:httpx:HTTP Request: POST https://api.telegram.org/bot8154094611:AAFF2uibjzso6VHqGkgEtf17l1L7MnOZ1nY/getUpdates "HTTP/1.1 200 OK"
2025-10-25 10:45:18: INFO:httpx:HTTP Request: POST https://api.telegram.org/bot8154094611:AAFF2uibjzso6VHqGkgEtf17l1L7MnOZ1nY/getUpdates "HTTP/1.1 200 OK"
2025-10-25 10:45:28: INFO:httpx:HTTP Request: POST https://api.telegram.org/bot8154094611:AAFF2uibjzso6VHqGkgEtf17l1L7MnOZ1nY/getUpdates "HTTP/1.1 200 OK"
2025-10-25 10:45:38: INFO:httpx:HTTP Request: POST https://api.telegram.org/bot8154094611:AAFF2uibjzso6VHqGkgEtf17l1L7MnOZ1nY/getUpdates "HTTP/1.1 200 OK"
2025-10-25 10:45:48: INFO:httpx:HTTP Request: POST https://api.telegram.org/bot8154094611:AAFF2uibjzso6VHqGkgEtf17l1L7MnOZ1nY/getUpdates "HTTP/1.1 200 OK"
2025-10-25 10:45:58: INFO:httpx:HTTP Request: POST https://api.telegram.org/bot8154094611:AAFF2uibjzso6VHqGkgEtf17l1L7MnOZ1nY/getUpdates "HTTP/1.1 200 OK"
2025-10-25 10:46:08: INFO:httpx:HTTP Request: POST https://api.telegram.org/bot8154094611:AAFF2uibjzso6VHqGkgEtf17l1L7MnOZ1nY/getUpdates "HTTP/1.1 200 OK"
2025-10-25 10:46:18: INFO:httpx:HTTP Request: POST https://api.telegram.org/bot8154094611:AAFF2uibjzso6VHqGkgEtf17l1L7MnOZ1nY/getUpdates "HTTP/1.1 200 OK"
2025-10-25 10:46:28: INFO:httpx:HTTP Request: POST https://api.telegram.org/bot8154094611:AAFF2uibjzso6VHqGkgEtf17l1L7MnOZ1nY/getUpdates "HTTP/1.1 200 OK"
2025-10-25 10:46:38: INFO:httpx:HTTP Request: POST https://api.telegram.org/bot8154094611:AAFF2uibjzso6VHqGkgEtf17l1L7MnOZ1nY/getUpdates "HTTP/1.1 200 OK"
2025-10-25 10:46:48: INFO:httpx:HTTP Request: POST https://api.telegram.org/bot8154094611:AAFF2uibjzso6VHqGkgEtf17l1L7MnOZ1nY/getUpdates "HTTP/1.1 200 OK"
2025-10-25 10:46:58: INFO:httpx:HTTP Request: POST https://api.telegram.org/bot8154094611:AAFF2uibjzso6VHqGkgEtf17l1L7MnOZ1nY/getUpdates "HTTP/1.1 200 OK"
2025-10-25 10:47:08: INFO:httpx:HTTP Request: POST https://api.telegram.org/bot8154094611:AAFF2uibjzso6VHqGkgEtf17l1L7MnOZ1nY/getUpdates "HTTP/1.1 200 OK"
2025-10-25 10:47:18: INFO:httpx:HTTP Request: POST https://api.telegram.org/bot8154094611:AAFF2uibjzso6VHqGkgEtf17l1L7MnOZ1nY/getUpdates "HTTP/1.1 200 OK"
2025-10-25 10:47:28: INFO:httpx:HTTP Request: POST https://api.telegram.org/bot8154094611:AAFF2uibjzso6VHqGkgEtf17l1L7MnOZ1nY/getUpdates "HTTP/1.1 200 OK"
2025-10-25 10:47:38: INFO:httpx:HTTP Request: POST https://api.telegram.org/bot8154094611:AAFF2uibjzso6VHqGkgEtf17l1L7MnOZ1nY/getUpdates "HTTP/1.1 200 OK"
2025-10-25 10:47:48: INFO:httpx:HTTP Request: POST https://api.telegram.org/bot8154094611:AAFF2uibjzso6VHqGkgEtf17l1L7MnOZ1nY/getUpdates "HTTP/1.1 200 OK"
2025-10-25 10:47:58: INFO:httpx:HTTP Request: POST https://api.telegram.org/bot8154094611:AAFF2uibjzso6VHqGkgEtf17l1L7MnOZ1nY/getUpdates "HTTP/1.1 200 OK"
2025-10-25 10:48:08: INFO:httpx:HTTP Request: POST https://api.telegram.org/bot8154094611:AAFF2uibjzso6VHqGkgEtf17l1L7MnOZ1nY/getUpdates "HTTP/1.1 200 OK"
2025-10-25 10:48:18: INFO:httpx:HTTP Request: POST https://api.telegram.org/bot8154094611:AAFF2uibjzso6VHqGkgEtf17l1L7MnOZ1nY/getUpdates "HTTP/1.1 200 OK"
2025-10-25 10:48:28: INFO:httpx:HTTP Request: POST https://api.telegram.org/bot8154094611:AAFF2uibjzso6VHqGkgEtf17l1L7MnOZ1nY/getUpdates "HTTP/1.1 200 OK"
2025-10-25 10:48:38: INFO:httpx:HTTP Request: POST https://api.telegram.org/bot8154094611:AAFF2uibjzso6VHqGkgEtf17l1L7MnOZ1nY/getUpdates "HTTP/1.1 200 OK"
2025-10-25 10:48:48: INFO:httpx:HTTP Request: POST https://api.telegram.org/bot8154094611:AAFF2uibjzso6VHqGkgEtf17l1L7MnOZ1nY/getUpdates "HTTP/1.1 200 OK"
2025-10-25 10:48:58: INFO:httpx:HTTP Request: POST https://api.telegram.org/bot8154094611:AAFF2uibjzso6VHqGkgEtf17l1L7MnOZ1nY/getUpdates "HTTP/1.1 200 OK"
2025-10-25 10:49:08: INFO:httpx:HTTP Request: POST https://api.telegram.org/bot8154094611:AAFF2uibjzso6VHqGkgEtf17l1L7MnOZ1nY/getUpdates "HTTP/1.1 200 OK"
2025-10-25 10:49:18: INFO:httpx:HTTP Request: POST https://api.telegram.org/bot8154094611:AAFF2uibjzso6VHqGkgEtf17l1L7MnOZ1nY/getUpdates "HTTP/1.1 200 OK"
2025-10-25 10:49:28: INFO:httpx:HTTP Request: POST https://api.telegram.org/bot8154094611:AAFF2uibjzso6VHqGkgEtf17l1L7MnOZ1nY/getUpdates "HTTP/1.1 200 OK"
2025-10-25 10:49:38: INFO:httpx:HTTP Request: POST https://api.telegram.org/bot8154094611:AAFF2uibjzso6VHqGkgEtf17l1L7MnOZ1nY/getUpdates "HTTP/1.1 200 OK"
2025-10-25 10:49:48: INFO:httpx:HTTP Request: POST https://api.telegram.org/bot8154094611:AAFF2uibjzso6VHqGkgEtf17l1L7MnOZ1nY/getUpdates "HTTP/1.1 200 OK"
2025-10-25 10:49:58: INFO:httpx:HTTP Request: POST https://api.telegram.org/bot8154094611:AAFF2uibjzso6VHqGkgEtf17l1L7MnOZ1nY/getUpdates "HTTP/1.1 200 OK"
2025-10-25 10:50:08: INFO:httpx:HTTP Request: POST https://api.telegram.org/bot8154094611:AAFF2uibjzso6VHqGkgEtf17l1L7MnOZ1nY/getUpdates "HTTP/1.1 200 OK"
2025-10-25 10:50:18: INFO:httpx:HTTP Request: POST https://api.telegram.org/bot8154094611:AAFF2uibjzso6VHqGkgEtf17l1L7MnOZ1nY/getUpdates "HTTP/1.1 200 OK"
2025-10-25 10:50:29: INFO:httpx:HTTP Request: POST https://api.telegram.org/bot8154094611:AAFF2uibjzso6VHqGkgEtf17l1L7MnOZ1nY/getUpdates "HTTP/1.1 200 OK"
